Manufacturer,Model,Refrigerant,Operating Condition,Displacement Volume,Capacity,Power,COP,Source,Minimum Voltage,Maximum Voltage,Frequency,Test Condition,Speed Type,Speed,Comments
Gree,QXF-A040,R32,T1,4,3712,293,3.71,AC,220,240,50,HP,Fixed,2900,
Gree,QXF-A053,R32,T1,5.3,5060,399,3.72,AC,220,240,50,HP,Fixed,2900,
Gree,QXF-A058,R32,T1,5.8,5323,420,3.71,AC,220,240,50,HP,Fixed,2900,
Gree,QXF-A066,R32,T1,6.6,6398,491,3.82,AC,220,240,50,HP,Fixed,2900,
Gree,QXF-A071,R32,T1,7.1,7029,560,3.68,AC,220,240,50,HP,Fixed,2900,
Gree,QXF-M082,R32,T1,8.2,7909,580,4,AC,220,240,50,HP,Fixed,2900,
Gree,QXF-M086,R32,T1,8.6,8308,608,4,AC,220,240,50,HP,Fixed,2900,
Gree,QXF-M088,R32,T1,8.8,8632,645,3.92,AC,220,240,50,HP,Fixed,2900,
Gree,QXF-M091,R32,T1,9.1,8871,666,3.9,AC,220,240,50,HP,Fixed,2900,
Gree,QXF-B092,R32,T1,9.2,8939,647,4.05,AC,220,240,50,HP,Fixed,2900,
Gree,QXF-B098,R32,T1,9.8,9622,696,4.05,AC,220,240,50,HP,Fixed,2900,
Gree,QXF-B102,R32,T1,10.2,9997,718,4.08,AC,220,240,50,HP,Fixed,2900,
Gree,QXF-B117,R32,T1,11.7,11447,822,4.08,AC,220,240,50,HP,Fixed,2900,
Gree,QXF-B120,R32,T1,12,11686,835,4.1,AC,220,240,50,HP,Fixed,2900,
Gree,QXF-B129,R32,T1,12.9,12624,911,4.06,AC,220,240,50,HP,Fixed,2900,
Gree,QXF-B133,R32,T1,13.3,13034,936,4.08,AC,220,240,50,HP,Fixed,2900,
Gree,QXF-C150,R32,T1,15,14740,1041,4.15,AC,220,240,50,HP,Fixed,2900,
Gree,QXF-D175,R32,T1,17.5,17231,1208,4.18,AC,220,240,50,HP,Fixed,2900,
Gree,QXF-D184,R32,T1,18.4,18118,1270,4.18,AC,220,240,50,HP,Fixed,2900,
Gree,QXF-D193,R32,T1,19.3,19005,1333,4.18,AC,220,240,50,HP,Fixed,2900,
Gree,QXF-E193,R32,T1,19.3,19175,1338,4.2,AC,220,240,50,HP,Fixed,2900,
Gree,QXF-E20,R32,T1,20,19755,1385,4.18,AC,220,240,50,HP,Fixed,2900,
Gree,QXF-E21,R32,T1,21,20643,1476,4.1,AC,220,240,50,HP,Fixed,2900,
Gree,QXF-E22,R32,T1,22,21649,1548,4.1,AC,220,240,50,HP,Fixed,2900,
Gree,QXF-E232,R32,T1,23.2,22808,1630,4.1,AC,220,240,50,HP,Fixed,2900,
Gree,QXF-E24,R32,T1,24,23594,1666,4.15,AC,220,240,50,HP,Fixed,2900,
Gree,QXF-E27,R32,T1,27,26560,1876,4.15,AC,220,240,50,HP,Fixed,2900,
Gree,QXFS-E270,R32,T1,27,26272,1878,4.1,AC,220,240,50,HP,Fixed,2900,
Gree,QXFS-E280,R32,T1,28,27228,1945,4.1,AC,220,240,50,HP,Fixed,2900,
Gree,QXFS-F265,R32,T1,26.5,26494,1880,4.13,AC,220,240,50,HP,Fixed,2900,
Gree,QXFS-F275,R32,T1,27.5,27264,1935,4.13,AC,220,240,50,HP,Fixed,2900,
Gree,QXFS-F325,R32,T1,32.5,32073,2350,4,AC,220,240,50,HP,Fixed,2900,
Gree,QXFS-F356,R32,T1,35.6,34973,2615,3.92,AC,220,240,50,HP,Fixed,2900,
Gree,QXFS-F265s,R32,T1,26.5,26443,1824,4.25,AC,380,380,50,HP,Fixed,2900,
Gree,QXFS-F286s,R32,T1,28.6,28320,1975,4.2,AC,380,380,50,HP,Fixed,2900,
Gree,QXFS-F41s,R32,T1,41,40944,2965,4.05,AC,380,380,50,HP,Fixed,2900,
Gree,QXFS-F275s,R32,T1,27.5,27441,1892,4.25,AC,380,380,50,HP,Fixed,2900,
Gree,QXFS-H446s,R32,T1,44.8,44800,3110,4.23,AC,380,380,50,HP,Fixed,2900,
Gree,QXFS-H49s,R32,T1,49,49800,3520,4.15,AC,380,380,50,HP,Fixed,2900,
Gree,QXFS-H59s,R32,T1,59,59700,4220,4.15,AC,380,380,50,HP,Fixed,2900,
Gree,QXF-A044x,R32,T1,4.4,5135,385,3.91,AC,115,115,60,HP,Fixed,3500,
Gree,QXF-A053x,R32,T1,5.3,6261,469,3.91,AC,115,115,60,HP,Fixed,3500,
Gree,QXF-A066x,R32,T1,6.6,7882,570,4.05,AC,115,115,60,HP,Fixed,3500,
Gree,QXF-A068x,R32,T1,6.9,8155,585,4.09,AC,115,115,60,HP,Fixed,3500,
Gree,QXF-A083x,R32,T1,8.3,9792,705,4.07,AC,115,115,60,HP,Fixed,3500,
Gree,QXF-M098x,R32,T1,9.8,11823,862,4.02,AC,115,115,60,HP,Fixed,3500,
Gree,QXD-A088,R290,T1,8.8,4625,430,3.15,AC,220,240,50,ASH,Fixed,2900,
Gree,QXD-M142,R290,T1,14.2,7628,665,3.36,AC,220,240,50,ASH,Fixed,2900,
Gree,QXD-B139※,R290,T1,13.9,7338,630,3.41,AC,220,240,50,ASH,Fixed,2900,
Gree,QXD-B160※,R290,T1,16,8259,710,3.41,AC,220,240,50,ASH,Fixed,2900,
Gree,QXD-B172,R290,T1,17.2,8972,770,3.4,AC,220,240,50,ASH,Fixed,2900,
Gree,QXD-B184,R290,T1,18.4,9761,830,3.44,AC,220,240,50,ASH,Fixed,2900,
Gree,QXD-B222,R290,T1,22.1,11263,985,3.35,AC,220,240,50,ASH,Fixed,2900,
Gree,QXD-C238,R290,T1,23.8,12287,1070,3.41,AC,220,240,50,ASH,Fixed,2900,
Gree,ATz-AN088ACBA,R410A,-,8.8,10776,771,4.1,DC,-,-,-,GX,INV,2900,
Gree,ATz-AN095ACBA,R410A,-,9.5,11628,832,4.1,DC,-,-,-,GX,INV,2900,
Gree,ATz-AN095ACBA*A,R410A,-,9.5,11628,802,4.25,DC,-,-,-,GX,INV,2900,
Gree,ATz-AN108AHBA,R410A,-,10.8,13333,954,4.1,DC,-,-,-,GX,INV,2900,
Gree,ATz-AN108AHBA*A,R410A,-,10.8,13333,920,4.25,DC,-,-,-,GX,INV,2900,
Gree,ATz-SN150AXBA,R410A,-,15,18261,1245,4.3,DC,-,-,-,GX,INV,2900,
Gree,ATz-AA098AHBA,R410A,-,9.8,11959,845,4.15,DC,-,-,-,GX,INV,2900,
Gree,ATz-AA098AHBA*A,R410A,-,9.8,12300,820,4.4,DC,-,-,-,GX,INV,2900,
Gree,ATz-AA108AHBA,R410A,-,10.8,13273,955,4.07,DC,-,-,-,GX,INV,2900,
Gree,ATz-AA108AHBA*A,R410A,-,10.8,13348,890,4.4,DC,-,-,-,GX,INV,2900,
Gree,ATz-SM141AHBA,R410A,-,14.1,17094,1205,4.16,DC,-,-,-,GX,INV,2900,
Gree,ATz-SM151AXBA,R410A,-,15.1,18357,1295,4.15,DC,-,-,-,GX,INV,2900,
Gree,ATz-SM151AXBA*A,R410A,-,15.1,18725,1245,4.41,DC,-,-,-,GX,INV,2900,
Gree,ATz-SB238ANAA,R410A,-,23.8,29616,2042,4.25,DC,-,-,-,GX,INV,2900,
Gree,ATz-SD237AHAF,R410A,-,23.7,29667,2037,4.27,DC,-,-,-,GX,INV,2900,
Gree,ATz-SF420ANAB,R410A,-,42,52514,3540,4.35,DC,-,-,-,GX,INV,2900,
Gree,FTz-AN066ACBA,R32,-,6.6,8525,585,4.27,DC,-,-,-,GX,INV,2900,
Gree,FTz-AN075ACBA,R32,-,7.5,9684,665,4.27,DC,-,-,-,GX,INV,2900,
Gree,FTz-AN088ACBA,R32,-,8.8,11355,775,4.3,DC,-,-,-,GX,INV,2900,
Gree,FTz-AN095ACBA,R32,-,9.5,12276,835,4.3,DC,-,-,-,GX,INV,2900,
Gree,FTz-AN095ACBA*A,R32,-,9.5,12583,830,4.45,DC,-,-,-,GX,INV,2900,
Gree,FTz-AN108AHBA,R32,-,10.8,13811,945,4.29,DC,-,-,-,GX,INV,2900,
Gree,FTz-AN108AHBA*A,R32,-,10.8,14271,940,4.45,DC,-,-,-,GX,INV,2900,
Gree,FTz-SN150AXBA,R32,-,15,19505,1300,4.4,DC,-,-,-,GX,INV,2900,
Gree,FTz-AA098AHBA,R32,-,9.8,12696,865,4.3,DC,-,-,-,GX,INV,2900,
Gree,FTz-AA098AHBA*A,R32,-,9.8,13123,845,4.55,DC,-,-,-,GX,INV,2900,
Gree,FTz-AA108AHBA,R32,-,10.8,14083,960,4.3,DC,-,-,-,GX,INV,2900,
Gree,FTz-AA108AHBA*A,R32,-,10.8,14522,935,4.55,DC,-,-,-,GX,INV,2900,
Gree,FTz-SM151AXBA,R32,-,15.1,19949,1285,4.3,DC,-,-,-,GX,INV,2900,
Gree,FTz-SM151AXBA*A,R32,-,15.1,19949,1285,4.55,DC,-,-,-,GX,INV,2900,
Gree,FTz-SB238ANAA,R32,-,23.8,33248,2143,4.55,DC,-,-,-,GX,INV,2900,
Gree,FTz-SF420ANAB,R32,-,42,55583,3567,4.57,DC,-,-,-,GX,INV,2900,
Gree,QXA-A058,R410A,T1,5.8,4640,490,2.78,AC,220,240,50,ASH,Fixed,2900,
Gree,QXA-A066,R410A,T1,6.6,5357,580,2.71,AC,220,240,50,ASH,Fixed,2900,
Gree,QXA-A069,R410A,T1,7,5637,592,2.79,AC,220,240,50,ASH,Fixed,2900,
Gree,QXA-A071,R410A,T1,7.1,5664,615,2.7,AC,220,240,50,ASH,Fixed,2900,
Gree,QXA-A081,R410A,T1,8.1,6653,685,2.85,AC,220,240,50,ASH,Fixed,2900,
Gree,QXA-A083,R410A,T1,8.3,6619,710,2.73,AC,220,240,50,ASH,Fixed,2900,
Gree,QXA-A088,R410A,T1,8.8,7233,740,2.86,AC,220,240,50,ASH,Fixed,2900,
Gree,QXA-M082,R410A,T1,8.2,6797,685,2.91,AC,220,240,50,ASH,Fixed,2900,
Gree,QXA-M086,R410A,T1,8.6,7046,705,2.93,AC,220,240,50,ASH,Fixed,2900,
Gree,QXA-M088,R410A,T1,8.8,7199,727,2.9,AC,220,240,50,ASH,Fixed,2900,
Gree,QXA-M091,R410A,T1,9.1,7684,768,2.93,AC,220,240,50,ASH,Fixed,2900,
Gree,QXA-M094,R410A,T1,9.4,7745,773,2.94,AC,220,240,50,ASH,Fixed,2900,
Gree,QXA-M096,R410A,T1,9.6,7909,788,2.94,AC,220,240,50,ASH,Fixed,2900,
Gree,QXA-M098,R410A,T1,9.8,8257,850,2.85,AC,220,240,50,ASH,Fixed,2900,
Gree,QXA-B092,R410A,T1,9.2,7657,736,3.05,AC,220,240,50,ASH,Fixed,2900,
Gree,QXA-B098,R410A,T1,9.8,8052,774,3.05,AC,220,240,50,ASH,Fixed,2900,
Gree,QXA-B098(J),R410A,T1,9.8,8052,787,3,AC,220,240,50,ASH,Fixed,2900,
Gree,QXA-B102,R410A,T1,10.2,8527,819,3.05,AC,220,240,50,ASH,Fixed,2900,
Gree,QXA-B104,R410A,T1,10.4,8632,830,3.05,AC,220,240,50,ASH,Fixed,2900,
Gree,QXA-B104(J),R410A,T1,10.4,8632,843,3,AC,220,240,50,ASH,Fixed,2900,
Gree,QXA-B106,R410A,T1,10.6,8666,828,3.07,AC,220,240,50,ASH,Fixed,2900,
Gree,QXA-B109,R410A,T1,11,9014,870,3.04,AC,220,240,50,ASH,Fixed,2900,
Gree,QXA-B109(J),R410A,T1,11,9014,881,3,AC,220,240,50,ASH,Fixed,2900,
Gree,QXA-B120,R410A,T1,12,10023,963,3.05,AC,220,240,50,ASH,Fixed,2900,
Gree,QXA-B120(J),R410A,T1,12,10023,979,3,AC,220,240,50,ASH,Fixed,2900,
Gree,QXA-B125,R410A,T1,12.5,10298,990,3.05,AC,220,240,50,ASH,Fixed,2900,
Gree,QXA-B125(J),R410A,T1,12.5,10298,1007,3,AC,220,240,50,ASH,Fixed,2900,
Gree,QXA-B129,R410A,T1,12.9,10673,1026,3.05,AC,220,240,50,ASH,Fixed,2900,
Gree,QXA-B129(J),R410A,T1,12.9,10673,1043,3,AC,220,240,50,ASH,Fixed,2900,
Gree,QXA-B133,R410A,T1,13.3,10912,1053,3.04,AC,220,240,50,ASH,Fixed,2900,
Gree,QXA-B136,R410A,T1,13.6,10912,1070,3.05,AC,220,240,50,ASH,Fixed,2900,
Gree,QXA-B136(J),R410A,T1,13.6,10912,1088,3,AC,220,240,50,ASH,Fixed,2900,
Gree,QXA-B139,R410A,T1,13.9,11601,1122,3.03,AC,220,240,50,ASH,Fixed,2900,
Gree,QXA-B15,R410A,T1,15,12078,1200,2.95,AC,220,240,50,ASH,Fixed,2900,
Gree,QXA-C139,R410A,T1,13.9,11694,1113,3.08,AC,220,240,50,ASH,Fixed,2900,
Gree,QXA-C145,R410A,T1,14.5,12355,1168,3.1,AC,220,240,50,ASH,Fixed,2900,
Gree,QXA-C160,R410A,T1,15.9,13121,1240,3.1,AC,220,240,50,ASH,Fixed,2900,
Gree,QXA-C165,R410A,T1,16.5,13399,1271,3.09,AC,220,240,50,ASH,Fixed,2900,
Gree,QXA-D16,R410A,T1,16,13239,1272,3.05,AC,220,240,50,ASH,Fixed,2900,
Gree,QXA-D184,R410A,T1,18.4,15218,1439,3.1,AC,220,240,50,ASH,Fixed,2900,
Gree,QXA-D19,R410A,T1,19,15695,1484,3.1,AC,220,240,50,ASH,Fixed,2900,
Gree,QXA-D193,R410A,T1,19.3,15968,1519,3.08,AC,220,240,50,ASH,Fixed,2900,
Gree,QXA-D20,R410A,T1,20,16548,1590,3.05,AC,220,240,50,ASH,Fixed,2900,
Gree,QXA-D205,R410A,T1,20.5,16958,1630,3.05,AC,220,240,50,ASH,Fixed,2900,
Gree,QXA-D21,R410A,T1,21,17367,1658,3.07,AC,220,240,50,ASH,Fixed,2900,
Gree,QXA-D22 ※,R410A,T1,22,18220,1745,3.06,AC,220,240,50,ASH,Fixed,2900,
Gree,QXA-E193,R410A,T1,19.3,16566,1556,3.12,AC,220,240,50,ASH,Fixed,2900,
Gree,QXA-E20,R410A,T1,20,17105,1607,3.12,AC,220,240,50,ASH,Fixed,2900,
Gree,QXA-E21,R410A,T1,21,17915,1683,3.12,AC,220,240,50,ASH,Fixed,2900,
Gree,QXA-E22,R410A,T1,22,18630,1761,3.1,AC,220,240,50,ASH,Fixed,2900,
Gree,QXA-E232,R410A,T1,23.2,19924,1878,3.11,AC,220,240,50,ASH,Fixed,2900,
Gree,QXA-E24,R410A,T1,24,20742,1955,3.11,AC,220,240,50,ASH,Fixed,2900,
Gree,QXA-E25,R410A,T1,25,21591,2035,3.11,AC,220,240,50,ASH,Fixed,2900,
Gree,QXA-E27,R410A,T1,27,22758,2152,3.1,AC,220,240,50,ASH,Fixed,2900,
Gree,QXAS-E270,R410A,T1,27.5,23202,2230,3.05,AC,220,240,50,ASH,Fixed,2900,
Gree,QXAS-E280,R410A,T1,28,24055,2310,3.05,AC,220,240,50,ASH,Fixed,2900,
Gree,QXAS-F275,R410A,T1,27.5,23596,2254,3.07,AC,220,240,50,ASH,Fixed,2900,
Gree,QXAS-F286,R410A,T1,28.6,24348,2340,3.05,AC,220,240,50,ASH,Fixed,2900,
Gree,QXAS-F304,R410A,T1,30.5,25806,2508,3.02,AC,220,240,50,ASH,Fixed,2900,
Gree,QXAS-F325,R410A,T1,32.5,27842,2706,3.02,AC,220,240,50,ASH,Fixed,2900,
Gree,QXAS-F356,R410A,T1,35.6,30765,2939,3.07,AC,220,240,50,ASH,Fixed,2900,
Gree,QXA-A062r,R410A,T1,6.2,6159,616,2.93,AC,208,230,60,ASH,Fixed,3500,
Gree,QXA-A066r,R410A,T1,6.6,6510,651,2.93,AC,208,230,60,ASH,Fixed,3500,
Gree,QXA-A069r,R410A,T1,6.9,6858,686,2.93,AC,208,230,60,ASH,Fixed,3500,
Gree,QXA-A078r,R410A,T1,7.8,7711,770,2.94,AC,208,230,60,ASH,Fixed,3500,
Gree,QXA-A081r,R410A,T1,8.1,8052,805,2.93,AC,208,230,60,ASH,Fixed,3500,
Gree,QXA-M082r,R410A,T1,8.2,8155,815,2.93,AC,208,230,60,ASH,Fixed,3500,
Gree,QXA-M088r,R410A,T1,8.8,8782,880,2.93,AC,208,230,60,ASH,Fixed,3500,
Gree,QXA-B102r,R410A,T1,10.2,10225,974,3.08,AC,208,230,60,ASH,Fixed,3500,
Gree,QXA-B106r,R410A,T1,10.6,10580,1007,3.08,AC,208,230,60,ASH,Fixed,3500,
Gree,QXA-B109r,R410A,T1,10.9,10893,1037,3.08,AC,208,230,60,ASH,Fixed,3500,
Gree,QXA-B112r,R410A,T1,11.2,11174,1074,3.05,AC,208,230,60,ASH,Fixed,3500,
Gree,QXA-B115r,R410A,T1,11.5,11659,1121,3.05,AC,208,230,60,ASH,Fixed,3500,
Gree,QXA-B117r,R410A,T1,11.7,11624,1117,3.05,AC,208,230,60,ASH,Fixed,3500,
Gree,QXA-B120r,R410A,T1,12,11955,1149,3.05,AC,208,230,60,ASH,Fixed,3500,
Gree,QXA-B136r,R410A,T1,13.6,14023,1348,3.05,AC,208,230,60,ASH,Fixed,3500,
Gree,QXA-C139r,R410A,T1,13.9,14269,1358,3.08,AC,208,230,60,ASH,Fixed,3500,
Gree,QXA-C150r,R410A,T1,15,14774,1397,3.1,AC,208,230,60,ASH,Fixed,3500,
Gree,QXA-C155r,R410A,T1,15.5,15559,1471,3.1,AC,208,230,60,ASH,Fixed,3500,
Gree,QXA-C160r,R410A,T1,15.9,16061,1519,3.1,AC,208,230,60,ASH,Fixed,3500,
Gree,QXA-C165r,R410A,T1,16.5,16844,1603,3.08,AC,208,230,60,ASH,Fixed,3500,
Gree,QXA-D17r,R410A,T1,17,17285,1634,3.1,AC,208,230,60,ASH,Fixed,3500,
Gree,QXA-D184r,R410A,T1,18.4,18715,1769,3.1,AC,208,230,60,ASH,Fixed,3500,
Gree,QXA-D19r,R410A,T1,19,19633,1856,3.1,AC,208,230,60,ASH,Fixed,3500,
Gree,QXA-D20r,R410A,T1,20,20336,1954,3.05,AC,208,230,60,ASH,Fixed,3500,
Gree,QXA-E21r,R410A,T1,21,21752,2043,3.12,AC,208,230,60,ASH,Fixed,3500,
Gree,QXA-E22r,R410A,T1,22,22796,2141,3.12,AC,208,230,60,ASH,Fixed,3500,
Gree,QXA-E232r,R410A,T1,23.2,24536,2305,3.12,AC,208,230,60,ASH,Fixed,3500,
Gree,QXA-E24r,R410A,T1,24,25197,2367,3.12,AC,208,230,60,ASH,Fixed,3500,
Gree,QXA-E25r,R410A,T1,25,25545,2400,3.12,AC,208,230,60,ASH,Fixed,3500,
Gree,QXAS-E265r,R410A,T1,26.5,26955,2590,3.05,AC,208,230,60,ASH,Fixed,3500,
Gree,QXAS-E275r,R410A,T1,27.5,27978,2689,3.05,AC,208,230,60,ASH,Fixed,3500,
Gree,QXAS-F275r,R410A,T1,27.5,28490,2694,3.1,AC,208,230,60,ASH,Fixed,3500,
Gree,QXAS-F295r,R410A,T1,29.5,31253,3058,3,AC,208,230,60,ASH,Fixed,3500,
Gree,QXAS-F304r,R410A,T1,30.4,32053,3131,3,AC,208,230,60,ASH,Fixed,3500,
Gree,QXAS-F325r,R410A,T1,32.5,34120,3333,3,AC,208,230,60,ASH,Fixed,3500,
Gree,QXAS-F356r,R410A,T1,35.6,37805,3756,2.95,AC,208,230,60,ASH,Fixed,3500,
Gree,QXA-A046x,R410A,T1,4.6,5783,368,4.61,AC,115,115,60,EER,Fixed,3500,
Gree,QXA-A050x,R410A,T1,5.1,6517,414,4.61,AC,115,115,60,EER,Fixed,3500,
Gree,QXA-A052x,R410A,T1,5.2,6551,417,4.6,AC,115,115,60,EER,Fixed,3500,
Gree,QXA-A066x,R410A,T1,6.6,8496,532,4.68,AC,115,115,60,EER,Fixed,3500,
Gree,QXA-A068x,R410A,T1,6.8,8823,550,4.7,AC,115,115,60,EER,Fixed,3500,
Gree,QXA-A071x,R410A,T1,7.1,7029,702,2.93,AC,115,115,60,ASH,Fixed,3500,
Gree,QXA-A083x,R410A,T1,8.3,8189,830,2.89,AC,115,115,60,ASH,Fixed,3500,
Gree,QXA-A086x,R410A,T1,8.6,8564,860,2.92,AC,115,115,60,ASH,Fixed,3500,
Gree,QXA-M102x,R410A,T1,10.2,10304,1020,2.96,AC,115,115,60,ASH,Fixed,3500,
Gree,QXA-B098x,R410A,T1,9.8,9710,933,3.05,AC,115,115,60,ASH,Fixed,3500,
Gree,QXA-B102x,R410A,T1,10.2,10202,971,3.08,AC,115,115,60,ASH,Fixed,3500,
Gree,QXA-B104x,R410A,T1,10.4,10390,989,3.08,AC,115,115,60,ASH,Fixed,3500,
Gree,QXA-B106x,R410A,T1,10.6,10615,1004,3.1,AC,115,115,60,ASH,Fixed,3500,
Gree,QXA-B109x,R410A,T1,10.9,10935,1041,3.08,AC,115,115,60,ASH,Fixed,3500,
Gree,QXA-B112x,R410A,T1,11.2,11243,1080,3.05,AC,115,115,60,ASH,Fixed,3500,
Gree,QXA-B115x,R410A,T1,11.5,11533,1108,3.05,AC,115,115,60,ASH,Fixed,3500,
Gree,QXA-B117x,R410A,T1,11.7,11737,1124,3.06,AC,115,115,60,ASH,Fixed,3500,
Gree,QXA-B120x,R410A,T1,12,11942,1136,3.08,AC,115,115,60,ASH,Fixed,3500,
Gree,QX-A086,R22,T1,8.6,4845,502,2.83,AC,220,240,50,ASH,Fixed,2900,
Gree,QX-A104,R22,T1,10.4,5969,601,2.91,AC,220,240,50,ASH,Fixed,2900,
Gree,QX-M142,R22,T1,14.2,9082,629,4.19,AC,220,240,50,HP,Fixed,2900,
Gree,QX-M155,R22,T1,15.5,9889,703,4.11,AC,220,240,50,HP,Fixed,2900,
Gree,QX-M165,R22,T1,16.5,10277,735,4.19,AC,220,240,50,HP,Fixed,2900,
Gree,QX-B139,R22,T1,13.9,8974,619,4.25,AC,220,240,50,HP,Fixed,2900,
Gree,QX-B150,R22,T1,15,9622,664,4.25,AC,220,240,50,HP,Fixed,2900,
Gree,QX-B155,R22,T1,15.5,9997,681,4.3,AC,220,240,50,HP,Fixed,2900,
Gree,QX-B160,R22,T1,16,10407,718,4.25,AC,220,240,50,HP,Fixed,2900,
Gree,QX-B172,R22,T1,17.2,9884,920,3.15,AC,220,240,50,ASH,Fixed,2900,
Gree,QX-B184,R22,T1,18.4,10510,978,3.15,AC,220,240,50,ASH,Fixed,2900,
Gree,QX-B193,R22,T1,19.3,12283,837,4.3,AC,220,240,50,HP,Fixed,2900,
Gree,QX-B202,R22,T1,20.2,12949,883,4.3,AC,220,240,50,HP,Fixed,2900,
Gree,QX-B206,R22,T1,20.6,13204,900,4.3,AC,220,240,50,HP,Fixed,2900,
Gree,QX-B210,R22,T1,21,13477,908,4.35,AC,220,240,50,HP,Fixed,2900,
Gree,QX-B212,R22,T1,21.3,13750,937,4.3,AC,220,240,50,HP,Fixed,2900,
Gree,QX-B217,R22,T1,21.7,12454,949,4.3,AC,220,240,50,HP,Fixed,2900,
Gree,QX-B222,R22,T1,22.1,12761,967,4.3,AC,220,240,50,HP,Fixed,2900,
Gree,QX-C229,R22,T1,22.9,13364,1205,3.25,AC,220,240,50,ASH,Fixed,2900,
Gree,QX-C238,R22,T1,23.8,13817,1246,3.25,AC,220,240,50,ASH,Fixed,2900,
Gree,QX-D28,R22,T1,28,18152,1209,4.4,AC,220,240,50,HP,Fixed,2900,
Gree,QX-D287,R22,T1,28.7,18612,1240,4.4,AC,220,240,50,HP,Fixed,2900,
Gree,QX-D305,R22,T1,30.7,20091,1338,4.4,AC,220,240,50,HP,Fixed,2900,
Gree,QX-F325,R22,T1,32.5,19350,1746,3.25,AC,220,240,50,ASH,Fixed,2900,
Gree,QX-34,R22,T1,33.7,20185,1810,3.27,AC,220,240,50,ASH,Fixed,2900,
Gree,QX-F36,R22,T1,35.6,21325,1923,3.25,AC,220,240,50,ASH,Fixed,2900,
Gree,QX-37,R22,T1,36.8,22100,1991,3.25,AC,220,240,50,ASH,Fixed,2900,
Gree,QXS-F40A,R22,T1,40,26464,1825,4.25,AC,220,240,50,HP,Fixed,2900,
Gree,QXS-F41A,R22,T1,41,27125,1870,4.25,AC,220,240,50,HP,Fixed,2900,
Gree,QXS-F42A,R22,T1,42,27787,1916,4.25,AC,220,240,50,HP,Fixed,2900,
Gree,QXS-F428A,R22,T1,42.8,28320,1953,4.25,AC,220,240,50,HP,Fixed,2900,
Gree,QXS-F438A,R22,T1,43.8,25829,2366,3.2,AC,220,240,50,ASH,Fixed,2900,
Gree,QXS-F475,R22,T1,47.5,28319.6,2677,3.1,AC,220,240,50,ASH,Fixed,2900,
Gree,QXS-F49,R22,T1,49,29513.8,2883,3,AC,220,240,50,ASH,Fixed,2900,
Gree,QX-A098r,R22,T1,9.8,6752,649,3.05,AC,208,230,60,ASH,Fixed,3500,
Gree,QX-B14r,R22,T1,13.3,9397,854,3.22,AC,208,230,60,ASH,Fixed,3500,
Gree,QX-B15r,R22,T1,15,10650,968,3.22,AC,208,230,60,ASH,Fixed,3500,
Gree,QX-B172r,R22,T1,17.2,12181,1097,3.26,AC,208,230,60,ASH,Fixed,3500,
Gree,QX-B18r,R22,T1,17.5,12355,1132,3.2,AC,208,230,60,ASH,Fixed,3500,
Gree,QX-D253r,R22,T1,25.3,17888,1616,3.24,AC,208,230,60,ASH,Fixed,3500,
Gree,QX-D267r,R22,T1,26.7,19072,1717,3.26,AC,208,230,60,ASH,Fixed,3500,
Gree,QX-D273r,R22,T1,27.3,19803,1775,3.27,AC,208,230,60,ASH,Fixed,3500,
Gree,QX-F286r,R22,T1,28.6,20472,1846,3.25,AC,208,230,60,ASH,Fixed,3500,
Gree,QX-F305r,R22,T1,30.6,22691,1992,3.34,AC,208,230,60,ASH,Fixed,3500,
Gree,QX-F325r,R22,T1,32.5,24061,2112,3.34,AC,208,230,60,ASH,Fixed,3500,
Gree,QX-F34r,R22,T1,33.7,25058,2200,3.34,AC,208,230,60,ASH,Fixed,3500,
Gree,QX-B17x,R22,T1,16.4,11624,1082,3.15,AC,115,115,60,ASH,Fixed,3500,
Gree,QX-B172x,R22,T1,17.2,12198,1131,3.16,AC,115,115,60,ASH,Fixed,3500,
Gree,QX-A075v,R22,T1,7.5,5151,518,2.91,AC,127,127,60,ASH,Fixed,3500,
Gree,QX-A098v,R22,T1,9.8,6873,692,2.91,AC,127,127,60,ASH,Fixed,3500,
Gree,QX-B141v,R22,T1,14.1,9919,923,3.15,AC,127,127,60,ASH,Fixed,3500,
Gree,QX-F34s,R22,T1,33.7,19687,1792,3.22,AC,380,380,50,ASH,Fixed,2900,
Gree,QXS-F41s,R22,T1,41,23815,2148,3.25,AC,380,380,50,ASH,Fixed,2900,
Gree,QXS-F42s,R22,T1,42,24396,2200,3.25,AC,380,380,50,ASH,Fixed,2900,
Gree,QXS-F438s,R22,T1,43.8,25590,2336,3.21,AC,380,380,50,ASH,Fixed,2900,
Gree,QXS-F475s,R22,T1,47.5,27654,2525,3.21,AC,380,380,50,ASH,Fixed,2900,
Gree,QXS-F49s,R22,T1,49,28524,2604,3.21,AC,380,380,50,ASH,Fixed,2900,
Gree,QXAH-B136,R410A,T3,13.6,11464,1091,3.08,AC,220,240,50,ASH,Fixed,2900,
Gree,QXAH-C136,R410A,T3,13.6,11450,1083,3.1,AC,220,240,50,ASH,Fixed,2900,
Gree,QXAH-D184,R410A,T3,18.4,15218,1439,3.1,AC,220,240,50,ASH,Fixed,2900,
Gree,QXAH-D19,R410A,T3,19,15866,1510,3.08,AC,220,240,50,ASH,Fixed,2900,
Gree,QXAH-E193,R410A,T3,19.3,16275,1539,3.1,AC,220,240,50,ASH,Fixed,2900,
Gree,QXAH-E21,R410A,T3,21,17913,1694,3.1,AC,220,240,50,ASH,Fixed,2900,
Gree,QXAH-E232,R410A,T3,23.2,19448,1839,3.1,AC,220,240,50,ASH,Fixed,2900,
Gree,QXAH-E25,R410A,T3,25,21496,2066,3.05,AC,220,240,50,ASH,Fixed,2900,
Gree,QXASH-F295,R410A,T3,29.5,24839,2459,2.96,AC,220,240,50,ASH,Fixed,2900,
Gree,QXAH-B102r,R410A,T3,10.2,10185,963,3.1,AC,208,230,60,ASH,Fixed,3500,
Gree,QXAH-B106r,R410A,T3,10.6,10611,1003,3.1,AC,208,230,60,ASH,Fixed,3500,
Gree,QXAH-C145r,R410A,T3,14.5,14603,1381,3.1,AC,208,230,60,ASH,Fixed,3500,
Gree,QXAH-C150r,R410A,T3,15,15115,1420,3.12,AC,208,230,60,ASH,Fixed,3500,
Gree,QXAH-C160r,R410A,T3,16,16173,1529,3.1,AC,208,230,60,ASH,Fixed,3500,
Gree,QXAH-D17r,R410A,T3,17,17333,1639,3.1,AC,208,230,60,ASH,Fixed,3500,
Gree,QXAH-D175r,R410A,T3,17.5,17845,1687,3.1,AC,208,230,60,ASH,Fixed,3500,
Gree,QXAH-D184r,R410A,T3,18.4,18630,1761,3.1,AC,208,230,60,ASH,Fixed,3500,
Gree,QXAH-D193r,R410A,T3,19.3,19585,1840,3.12,AC,208,230,60,ASH,Fixed,3500,
Gree,QXAH-E205r,R410A,T3,20.5,21334,1985,3.15,AC,208,230,60,ASH,Fixed,3500,
Gree,QXAH-E215r,R410A,T3,21.5,22102,2056,3.15,AC,208,230,60,ASH,Fixed,3500,
Gree,QXAH-E232r,R410A,T3,23.2,23850,2219,3.15,AC,208,230,60,ASH,Fixed,3500,
Gree,QXAH-E24r,R410A,T3,24,24908,2317,3.15,AC,208,230,60,ASH,Fixed,3500,
Gree,QXAH-E25r,R410A,T3,25,25931,2413,3.15,AC,208,230,60,ASH,Fixed,3500,
Gree,QXASH-F275r,R410A,T3,27.5,28490,2738,3.05,AC,208,230,60,ASH,Fixed,3500,
Gree,QXASH-F286r,R410A,T3,28.6,29630,2847,3.05,AC,208,230,60,ASH,Fixed,3500,
Gree,QXH-C222,R22,T3,22.2,12912,1242,3.05,AC,220,240,50,ASH,Fixed,2900,
Gree,QXH-D305,R22,T3,30.7,17913,1694,3.1,AC,220,240,50,ASH,Fixed,2900,
Gree,QXH-F34,R22,T3,33.7,20533,1855,3.24,AC,220,240,50,ASH,Fixed,2900,
Gree,QXH-F36,R22,T3,35.6,20934,1979,3.1,AC,220,240,50,ASH,Fixed,2900,
Gree,QXSH-F42A,R22,T3,42,25249,2388,3.1,AC,220,240,50,ASH,Fixed,2900,
Gree,QXSH-F438A,R22,T3,43.8,26272,2536,3.04,AC,220,240,50,ASH,Fixed,2900,
Gree,QXSH-F475,R22,T3,47.5,28661,2800,3,AC,220,240,50,ASH,Fixed,2900,
Gree,QXSH-F49,R22,T3,49,29791,2960,2.95,AC,220,240,50,ASH,Fixed,2900,
Gree,QXFH-B092,R22,T3,9.2,9110,659,4.05,AC,220,240,50,HP,Fixed,2900,
Gree,QXFH-B117,R22,T3,11.7,11771,854,4.04,AC,220,240,50,HP,Fixed,2900,
Gree,QXFH-E193,R22,T3,19.3,19201,1373,4.1,AC,220,240,50,HP,Fixed,2900,
Gree,QXFH-E22,R22,T3,22,21919,1567,4.1,AC,220,240,50,HP,Fixed,2900,
Gree,QX-B193u,R22,T1,19.3,11089,1016,3.2,AC,230,230,50,ASH,Fixed,2900,
Gree,QX-D28u,R22,T1,28.7,18152,1209,4.4,AC,230,230,50,HP,Fixed,2900,
Gree,QX-D287u,R22,T1,28.7,18595,1239,4.4,AC,230,230,50,HP,Fixed,2900,
Gree,QX-F34u,R22,T1,33.7,20011,1810,3.24,AC,230,230,50,ASH,Fixed,2900,
Gree,QX-F36u,R22,T1,35.6,23270,1912,3.24,AC,230,230,50,ASH,Fixed,2900,
Gree,QXA-B129u,R410A,T1,12.9,10673,1016,3.1,AC,230,230,50,ASH,Fixed,2900,
Gree,QXA-D184u,R410A,T1,18.4,15286,1436,3.12,AC,230,230,50,ASH,Fixed,2900,
Gree,QXA-D193u,R410A,T1,19.3,16016,1514,3.1,AC,230,230,50,ASH,Fixed,2900,
Gree,QXA-E193u,R410A,T1,19.3,16566,1527,3.18,AC,230,230,50,ASH,Fixed,2900,
Gree,QXA-E22u,R410A,T1,22,18630,1733,3.15,AC,230,230,50,ASH,Fixed,2900,
Gree,QXA-E232u,R410A,T1,23.2,19924,1854,3.15,AC,230,230,50,ASH,Fixed,2900,
Gree,QXA-E25u,R410A,T1,25,21666,2062,3.08,AC,230,230,50,ASH,Fixed,2900,
Gree,QXA-B102,R410A,T1,10.2,8462,870,2.85,AC,160,253,50,ASH,Fixed,2900,
Gree,QXA-B133,R410A,T1,13.3,11328,1207,2.75,AC,160,253,50,ASH,Fixed,2900,
Gree,QXA-C129,R410A,T1,12.9,10858,1117,2.85,AC,160,253,50,ASH,Fixed,2900,
Gree,QXA-D20,R410A,T1,20,17060,1786,2.8,AC,160,253,50,ASH,Fixed,2900,
Gree,QXA-F193,R410A,T1,19.3,16636,1686,2.89,AC,160,253,50,ASH,Fixed,2900,
Gree,QXA-F22,R410A,T1,22,19002,1906,2.92,AC,160,253,50,ASH,Fixed,2900,
GMCC,DSN86V11UZDX,R290,-,8.6,4436,440,2.95,AC,220,240,50,ASH,Fixed,2900,
GMCC,DSN98V11UZZS,R290,-,9.8,5050,475,3.12,AC,220,240,50,ASH,Fixed,2900,
GMCC,DSN118V11UZDX,R290,-,11.8,6107,582,3.08,AC,220,240,50,ASH,Fixed,2900,
GMCC,DSM155V12UDZ,R290,-,15.5,7762,685,3.32,AC,220,240,50,ASH,Fixed,2900,
GMCC,DSM155V13UCZH,R290,-,15.5,7847,708,3.25,AC,220,240,50,ASH,Fixed,2900,
GMCC,DSM165V12UDZ,R290,-,16.4,8376,732,3.35,AC,220,240,50,ASH,Fixed,2900,
GMCC,DSM170V13UCZH,R290,-,16.9,8615,765,3.3,AC,220,240,50,ASH,Fixed,2900,
GMCC,DSM180V11UDZ,R290,-,17.9,9127,805,3.32,AC,220,240,50,ASH,Fixed,2900,
GMCC,DSM215V2UDT,R290,-,21.4,10816,960,3.3,AC,220,240,50,ASH,Fixed,2900,
GMCC,DSM225V1UDZ,R290,-,22.5,11311,1010,3.28,AC,220,240,50,ASH,Fixed,2900,
GMCC,DSM240V1UDZ,R290,-,24,12146,1080,3.3,AC,220,240,50,ASH,Fixed,2900,
GMCC,DSF240V1UFT,R290,-,24,12283,1070,3.36,AC,220,240,50,ASH,Fixed,2900,
GMCC,DSF340V1UFT,R290,-,34,17333,1530,3.32,AC,220,240,50,ASH,Fixed,2900,
GMCC,DSM135V11VDZ,R290,-,13.3,7643,510,4.39,AC,220,240,50,GX,Fixed,2900,
GMCC,DSG310V1UFT,R290,-,31,17811,1160,4.5,AC,220,240,50,GX,Fixed,2900,
GMCC,DSG320V1UFT,R290,-,32,18493,1200,4.52,AC,220,240,50,GX,Fixed,2900,
GMCC,DSG310S1UFT,R290,-,30.8,15832,1345,3.45,AC,230,230,50,ASH,Fixed,2900,
GMCC,DSG320S1UFT,R290,-,31.8,16224,1390,3.42,AC,230,230,50,ASH,Fixed,2900,
GMCC,DSG400S1UFT,R290,-,39.8,20779,1780,3.42,AC,230,230,50,ASH,Fixed,2900,
GMCC,DSM165D19UDT ,R290,-,16.5,9844,725,3.98,DC,-,-,-,SEER60,INV,2900,Single Cylinder
GMCC,DSM180D19UDZ ,R290,-,17.9,10748,788,4,DC,-,-,-,SEER60,INV,2900,Single Cylinder
GMCC,DTN180D32UFZ ,R290,-,18.1,10850,785,4.05,DC,-,-,-,SEER60,INV,3500,Twin Cylinder
GMCC,DTN210D32UFZ ,R290,-,20.9,12556,897,4.1,DC,-,-,-,SEER60,INV,3500,Twin Cylinder
GMCC,DTN250D32UFZ ,R290,-,25,14945,1085,4.05,DC,-,-,-,SEER60,INV,3500,Twin Cylinder
GMCC,KSK66D15UEX3,R32,-,6.7,6926,542,3.75,DC,-,-,-,SEER60,INV,3500,Single Cylinder
GMCC,KSK75D43UEZA,R32,-,7.5,7916,610,3.8,DC,-,-,-,SEER60,INV,3500,Single Cylinder
GMCC,KSK89D35UEZ3,R32,-,8.9,9519,715,3.9,DC,-,-,-,SEER60,INV,3500,Single Cylinder
GMCC,KSK89D53UEZ,R32,-,8.9,9485,712,3.9,DC,-,-,-,SEER60,INV,3500,Single Cylinder
GMCC,KSK89D59UEZC,R32,-,8.9,9537,702,3.98,DC,-,-,-,SEER60,INV,3500,Single Cylinder
GMCC,KSK103D53UFZ,R32,-,10.3,11021,839,3.85,DC,-,-,-,SEER60,INV,3500,Single Cylinder
GMCC,KSK103D59UFZ,R32,-,10.3,11038,825,3.92,DC,-,-,-,SEER60,INV,3500,Single Cylinder
GMCC,KSK103D33UEZ3,R32,-,10.3,11106,826,3.94,DC,-,-,-,SEER60,INV,3500,Single Cylinder
GMCC,KSK103D43UEZ3,R32,-,10.3,11106,820,3.96,DC,-,-,-,SEER60,INV,3500,Single Cylinder
GMCC,KSN98D22UFZ,R32,-,9.7,10577,795,3.9,DC,-,-,-,SEER60,INV,3500,Single Cylinder
GMCC,KSN98D32UFZ,R32,-,9.7,10577,790,3.92,DC,-,-,-,SEER60,INV,3500,Single Cylinder
GMCC,KSN98D43UFZA,R32,-,9.7,10407,772,3.95,DC,-,-,-,SEER60,INV,3500,Single Cylinder
GMCC,KSN98D42UFZC,R32,-,9.7,10304,765,3.95,DC,-,-,-,SEER60,INV,3500,Single Cylinder
GMCC,KSN98D64UFZ3,R32,-,9.8,10424,755,4.05,DC,-,-,-,SEER60,INV,3500,Single Cylinder
GMCC,KSN108D22UFZ,R32,-,10.8,11840,890,3.9,DC,-,-,-,SEER60,INV,3500,Single Cylinder
GMCC,KSN108D32UFZ,R32,-,10.8,11771,880,3.92,DC,-,-,-,SEER60,INV,3500,Single Cylinder
GMCC,KSN108D43UFZA,R32,-,10.8,11635,855,3.99,DC,-,-,-,SEER60,INV,3500,Single Cylinder
GMCC,KSN133D21UFZ,R32,-,13.3,14211,1090,3.82,DC,-,-,-,SEER60,INV,3500,Single Cylinder
GMCC,KSN133D42UFZ,R32,-,13.3,14228,1055,3.95,DC,-,-,-,SEER60,INV,3500,Single Cylinder
GMCC,KSN140D21UFZ,R32,-,14,14910,1135,3.85,DC,-,-,-,SEER60,INV,3500,Single Cylinder
GMCC,KSN140D42UFZ,R32,-,14,14893,1105,3.95,DC,-,-,-,SEER60,INV,3500,Single Cylinder
GMCC,KSN140D58UFZ,R32,-,14,14893,1090,3.98,DC,-,-,-,SEER60,INV,3500,Single Cylinder
GMCC,KTK130D43UFE3,R32,-,13.1,13716,1045,3.85,DC,-,-,-,SEER60,INV,3500,Twin Cylinder
GMCC,KTN110D42UFZ,R32,-,11,11823,885,3.92,DC,-,-,-,SEER60,INV,3500,Twin Cylinder
GMCC,KTN130D42UFZ,R32,-,13.1,13955,1035,3.95,DC,-,-,-,SEER60,INV,3500,Twin Cylinder
GMCC,KTN130D30UFZ,R32,-,13.1,14006,1075,3.82,DC,-,-,-,SEER60,INV,3500,Twin Cylinder
GMCC,KTN150D42UFZ,R32,-,14.9,15968,1185,3.95,DC,-,-,-,SEER60,INV,3500,Twin Cylinder
GMCC,KTN150D30UFZ,R32,-,14.9,16002,1250,3.75,DC,-,-,-,SEER60,INV,3500,Twin Cylinder
GMCC,KTN150D35UFZ,R32,-,14.9,16105,1225,3.85,DC,-,-,-,SEER60,INV,3500,Twin Cylinder
GMCC,KTN150D42UFZ3,R32,-,14.9,15985,1170,4,DC,-,-,-,SEER60,INV,3500,Twin Cylinder
GMCC,KTN150D62UFT3,R32,-,14.9,15985,1140,4.1,DC,-,-,-,SEER60,INV,3500,Twin Cylinder
GMCC,KTN240D60UMT,R32,-,24,26170,2050,3.74,DC,-,-,-,SEER60,INV,3500,Twin Cylinder
GMCC,KTM180D57UMT,R32,-,17.6,19107,1520,3.68,DC,-,-,-,SEER60,INV,3500,Twin Cylinder
GMCC,KTM180D68UMT,R32,-,17.6,18971,1485,3.74,DC,-,-,-,SEER60,INV,3500,Twin Cylinder
GMCC,KTM240D43UMT,R32,-,24,26409,2070,3.74,DC,-,-,-,SEER60,INV,3500,Twin Cylinder
GMCC,KTM240D57UMT,R32,-,24,26409,2080,3.72,DC,-,-,-,SEER60,INV,3500,Twin Cylinder
GMCC,KTM310D85UMT,R32,-,30.6,33506,3690,3.65,DC,-,-,-,SEER60,INV,3500,Twin Cylinder
GMCC,KTF235D22UMT,R32,-,23.5,25795,2055,3.68,DC,-,-,-,SEER60,INV,3500,Twin Cylinder
GMCC,KTF310D43UMT,R32,-,30.8,34154,2765,3.62,DC,-,-,-,SEER60,INV,3500,Twin Cylinder
GMCC,KTF400D66UMVA,R32,-,39.8,44398,3500,3.72,DC,-,-,-,SEER60,INV,3500,Twin Cylinder
GMCC,KTF400D64UMTA,R32,-,39.8,44654,3540,3.7,DC,-,-,-,SEER60,INV,3500,Twin Cylinder
GMCC,KTQ420D1UMU,R32,-,42,46744,3700,3.7,DC,-,-,-,SEER60,INV,3500,Twin Cylinder
GMCC,KSN40V11VAZ3,R32,-,4,3924,298,3.85,AC,220,240,50,GX,Fixed,2900,
GMCC,KSN54V11VZZ3,R32,-,5.4,5562,410,3.98,AC,220,240,50,GX,Fixed,2900,
GMCC,KSM103V11VFT,R32,-,10.3,10458,725,4.23,AC,220,240,50,GX,Fixed,2900,
GMCC,KSM106V1VFT,R32,-,10.6,10850,755,4.21,AC,220,240,50,GX,Fixed,2900,
GMCC,KSM113V2VFTL,R32,-,11.3,11737,815,4.22,AC,220,240,50,GX,Fixed,2900,
GMCC,KSM125V2VFTL,R32,-,12.5,13085,905,4.24,AC,220,240,50,GX,Fixed,2900,
GMCC,KSM133V2VFTL,R32,-,13.3,13955,970,4.22,AC,220,240,50,GX,Fixed,2900,
GMCC,KSM135V1VFT,R32,-,13.3,13938,962,4.25,AC,220,240,50,GX,Fixed,2900,
GMCC,KSF160V1VFP,R32,-,16,16872,1145,4.32,AC,220,240,50,GX,Fixed,2900,
GMCC,KSF170V1VFP,R32,-,17.1,17930,1215,4.33,AC,220,240,50,GX,Fixed,2900,
GMCC,KSF180V1VFP,R32,-,18,18988,1295,4.3,AC,220,240,50,GX,Fixed,2900,
GMCC,KSF195V1VFT,R32,-,19.6,20557,1400,4.3,AC,220,240,50,GX,Fixed,2900,
GMCC,KSF210V1VFP,R32,-,20.9,21922,1495,4.3,AC,220,240,50,GX,Fixed,2900,
GMCC,KSG185V1VKU,R32,-,18.6,19380,1285,4.42,AC,220,240,50,GX,Fixed,2900,
GMCC,KSG195V1VKU,R32,-,19.6,20677,1370,4.42,AC,220,240,50,GX,Fixed,2900,
GMCC,KSG200V1VKU,R32,-,20.2,21325,1420,4.4,AC,220,240,50,GX,Fixed,2900,
GMCC,KSG205V1VKU,R32,-,20.5,21683,1445,4.4,AC,220,240,50,GX,Fixed,2900,
GMCC,KSG215V1VKU,R32,-,21.4,22656,1510,4.4,AC,220,240,50,GX,Fixed,2900,
GMCC,KSG220V1VKU,R32,-,22,23253,1550,4.4,AC,220,240,50,GX,Fixed,2900,
GMCC,KSG230V1VKU,R32,-,22.9,24174,1610,4.4,AC,220,240,50,GX,Fixed,2900,
GMCC,KSG240V1VKU,R32,-,23.8,25146,1675,4.4,AC,220,240,50,GX,Fixed,2900,
GMCC,KSG250V1VMT,R32,-,25,26324,1755,4.4,AC,220,240,50,GX,Fixed,2900,
GMCC,KSG290V1VMU,R32,-,28.9,30435,2035,4.38,AC,220,240,50,GX,Fixed,2900,
GMCC,KSQ300V1VMU,R32,-,29.7,31459,2120,4.35,AC,220,240,50,GX,Fixed,2900,
GMCC,KSQ330V1VMU,R32,-,33.1,34632,2330,4.36,AC,220,240,50,GX,Fixed,2900,
GMCC,KTG270V2VMP,R32,-,26.8,28627,1980,4.24,AC,220,240,50,GX,Fixed,2900,
GMCC,KTG275V1VMP,R32,-,27.4,28900,2015,4.2,AC,220,240,50,GX,Fixed,2900,
GMCC,KTQ420V1VMU,R32,-,42,44510,3070,4.25,AC,220,240,50,GX,Fixed,2900,
GMCC,KSK52V11UAZ,R32,-,5.2,4401,520,2.48,AC,220,240,50,ARI,Fixed,2900,
GMCC,KSN54N11UAJB3,R32,-,5.4,5340,570,2.75,AC,220,240,50,ARI,Fixed,2900,
GMCC,KSN93V11UDZ1,R32,-,9.2,7848,850,2.7,AC,220,240,50,ARI,Fixed,2900,
GMCC,KSM89V13UDZK,R32,-,8.9,7489,770,2.7,AC,220,240,50,ARI,Fixed,2900,
GMCC,KSM93V11UDZ,R32,-,9.2,7677,790,2.85,AC,220,240,50,ARI,Fixed,2900,
GMCC,KSM95V13UDZK,R32,-,9.5,8069,830,2.85,AC,220,240,50,ARI,Fixed,2900,
GMCC,KSM120V1UFE,R32,-,12,10321,1050,2.88,AC,220,240,50,ARI,Fixed,2900,
GMCC,KSM125V2UDZL,R32,-,12.5,10782,1090,2.9,AC,220,240,50,ARI,Fixed,2900,
GMCC,KSM135V2UDZL,R32,-,13.6,11771,1225,2.82,AC,220,240,50,ARI,Fixed,2900,
GMCC,KSG165V2UMT,R32,-,16.7,14620,1430,3,AC,220,240,50,ARI,Fixed,2900,
GMCC,KSG270V2UKV,R32,-,27,23509,2335,2.95,AC,220,240,50,ARI,Fixed,2900,
GMCC,KSQ300V1UMU,R32,-,29.7,25488,2590,2.88,AC,220,240,50,ARI,Fixed,2900,
GMCC,KSQ330V1UMU,R32,-,33.1,28831,2915,2.9,AC,220,240,50,ARI,Fixed,2900,
GMCC,KTQ290V1UMT,R32,-,29,24737,2608,2.78,AC,220,240,50,ARI,Fixed,2900,
GMCC,KTQ330V1UMT,R32,-,33,28251,2960,2.8,AC,220,240,50,ARI,Fixed,2900,
GMCC,KSK44E11VAJA,R32,-,4.4,5289,395,3.92,AC,230,230,60,GX,Fixed,3500,
GMCC,KSK66E11VZZX,R32,-,6.6,8240,622,3.88,AC,230,230,60,GX,Fixed,3500,
GMCC,KSN42E11VAJB3,R32,-,4.2,5067,362,4.1,AC,230,230,60,GX,Fixed,3500,
GMCC,KSN50E12VAZB3,R32,-,5,6056,430,4.12,AC,230,230,60,GX,Fixed,3500,
GMCC,KSN54E11VAJB3,R32,-,5.4,6653,470,4.15,AC,230,230,60,GX,Fixed,3500,
GMCC,KSN66E11VBZC1,R32,-,6.6,8172,582,4.12,AC,230,230,60,GX,Fixed,3500,
GMCC,KSN78E11VBZC1,R32,-,7.8,9810,685,4.2,AC,230,230,60,GX,Fixed,3500,
GMCC,KSN84E12VBDB1,R32,-,8.4,10628,760,4.1,AC,230,230,60,GX,Fixed,3500,
GMCC,KSM95E12UDZL,R32,-,9.5,9929,1005,2.9,AC,230,230,60,GX,Fixed,3500,
GMCC,KSM106E2UDZK,R32,-,10.6,11225,1115,2.95,AC,230,230,60,GX,Fixed,3500,
GMCC,KSM113S1VFE,R32,-,11.3,11823,825,4.2,AC,230,230,60,GX,Fixed,3500,
GMCC,KSF160S1VMP,R32,-,16.1,16787,1150,4.28,AC,230,230,60,GX,Fixed,3500,
GMCC,KSF170S1VEPA,R32,-,17,17845,1200,4.36,AC,230,230,60,GX,Fixed,3500,
GMCC,KSF175S1VFPB3,R32,-,17.5,18664,1235,4.42,AC,230,230,60,GX,Fixed,3500,
GMCC,KSF180S1VFPA,R32,-,18,18885,1265,4.38,AC,230,230,60,GX,Fixed,3500,
GMCC,KSF180S1VFP3,R32,-,18,19107,1265,4.42,AC,230,230,60,GX,Fixed,3500,
GMCC,KSF205S1VMP3,R32,-,20.5,22007,1460,4.42,AC,230,230,60,GX,Fixed,3500,
GMCC,KSF210S1VMP3,R32,-,20.9,22349,1495,4.38,AC,230,230,60,GX,Fixed,3500,
GMCC,KSG220S1VMP,R32,-,22,22553,1560,4.42,AC,230,230,60,GX,Fixed,3500,
GMCC,KSG230S1VMP,R32,-,23,22553,1630,4.42,AC,230,230,60,GX,Fixed,3500,
GMCC,KSG250S1VMU,R32,-,25,26545,1790,4.35,AC,230,230,60,GX,Fixed,3500,
GMCC,KSQ280Y1UMP,R32,-,27.9,24566,2385,3.02,AC,380,380,50,ARI,Fixed,2900,
GMCC,KSQ300Y1UMV,R32,-,29.7,25454,2560,2.91,AC,380,380,50,ARI,Fixed,2900,
GMCC,KTQ375Y1UMU,R32,-,37.5,33318,3310,2.95,AC,380,380,50,ARI,Fixed,2900,
GMCC,KTQ330Y1UMT,R32,-,33,27296,2760,2.9,AC,380,380,50,ARI,Fixed,2900,
GMCC,KTQ390Y1UMT,R32,-,39,33779,3390,2.92,AC,380,380,50,ARI,Fixed,2900,
GMCC,KTQ480Y1UMT,R32,-,48,42650,4225,2.96,AC,380,380,50,ARI,Fixed,2900,
GMCC,KTW480Y1UN*,R32,-,48.4,43537,4260,3,AC,380,380,50,ARI,Fixed,2900,
GMCC,KTW550Y1UN*,R32,-,55,50259,4950,2.98,AC,380,380,50,ARI,Fixed,2900,
GMCC,KTW630Y1UN*,R32,-,63,58516,5622,3.05,AC,380,380,50,ARI,Fixed,2900,
GMCC,KSF160N1VET ,R32,-,16,20728,1380,4.4,AC,208,230,60,GX,Fixed,3500,
GMCC,ASK75D43UEZ,R410A,-,7.5,7592,582,3.82,DC,-,-,-,SEER60,INV,3500,Single Cylinder
GMCC,ASK89D53UEZ,R410A,-,8.9,9110,688,3.88,DC,-,-,-,SEER60,INV,3500,Single Cylinder
GMCC,ASK98D50UFZ,R410A,-,9.8,9997,768,3.82,DC,-,-,-,SEER60,INV,3500,Single Cylinder
GMCC,ASK103D53UFZ,R410A,-,10.3,10645,805,3.88,DC,-,-,-,SEER60,INV,3500,Single Cylinder
GMCC,ASK103D59UFZ,R410A,-,10.3,10645,790,3.95,DC,-,-,-,SEER60,INV,3500,Single Cylinder
GMCC,ASN98D22UFZA,R410A,-,9.7,9963,745,3.92,DC,-,-,-,SEER60,INV,3500,Single Cylinder
GMCC,ASN98D32UFZ,R410A,-,9.7,9963,740,3.95,DC,-,-,-,SEER60,INV,3500,Single Cylinder
GMCC,ASN98D43UZFA,R410A,-,9.7,9861,725,3.99,DC,-,-,-,SEER60,INV,3500,Single Cylinder
GMCC,ASN108D22UFZ,R410A,-,10.8,11123,832,3.92,DC,-,-,-,SEER60,INV,3500,Single Cylinder
GMCC,ASN108D32UFZ,R410A,-,10.8,11123,825,3.95,DC,-,-,-,SEER60,INV,3500,Single Cylinder
GMCC,ASN108D43UFZA,R410A,-,10.8,11123,805,4.05,DC,-,-,-,SEER60,INV,3500,Single Cylinder
GMCC,ASN133D42UFZ,R410A,-,13.3,13648,1000,4,DC,-,-,-,SEER60,INV,3500,Single Cylinder
GMCC,ASN140D21UFZ,R410A,-,14,14416,1085,3.9,DC,-,-,-,SEER60,INV,3500,Single Cylinder
GMCC,ASF235D28UMT,R410A,-,23.5,24225,1810,3.92,DC,-,-,-,SEER60,INV,3500,Single Cylinder
GMCC,ATN110D42UFZ,R410A,-,11,11208,825,3.98,DC,-,-,-,SEER60,INV,3500,Twin Cylinder
GMCC,ATN130D42UFZ,R410A,-,13.1,13324,975,4,DC,-,-,-,SEER60,INV,3500,Twin Cylinder
GMCC,ATN130D30UFZ,R410A,-,13.1,13307,1005,3.88,DC,-,-,-,SEER60,INV,3500,Twin Cylinder
GMCC,ATN150D30UFZA,R410A,-,14.9,15354,1155,3.9,DC,-,-,-,SEER60,INV,3500,Twin Cylinder
GMCC,ATN150D42UFZ,R410A,-,14.9,15286,1120,4,DC,-,-,-,SEER60,INV,3500,Twin Cylinder
GMCC,ATM180D57UMT,R410A,-,17.6,17828,1420,3.68,DC,-,-,-,SEER60,INV,3500,Twin Cylinder
GMCC,ATM240D57UMT,R410A,-,24,24652,1940,3.72,DC,-,-,-,SEER60,INV,3500,Twin Cylinder
GMCC,ATM310D85UMT,R410A,-,30.6,31663,2520,3.68,DC,-,-,-,SEER60,INV,3500,Twin Cylinder
GMCC,ATF200D22UMT,R410A,-,20.1,20728,1710,3.55,DC,-,-,-,SEER60,INV,3500,Twin Cylinder
GMCC,ATF235D22UMT,R410A,-,23.5,24345,1955,3.65,DC,-,-,-,SEER60,INV,3500,Twin Cylinder
GMCC,ATF235D43UMT,R410A,-,23.5,24362,1940,3.68,DC,-,-,-,SEER60,INV,3500,Twin Cylinder
GMCC,ATF250D22UMT,R410A,-,25.1,26085,2080,3.68,DC,-,-,-,SEER60,INV,3500,Twin Cylinder
GMCC,ATF310D43UMT,R410A,-,30.8,32380,2600,3.65,DC,-,-,-,SEER60,INV,3500,Twin Cylinder
GMCC,ATF400D64UMV,R410A,-,39.8,41916,3365,3.65,DC,-,-,-,SEER60,INV,3500,Twin Cylinder
GMCC,ATF400D66UMV,R410A,-,39.8,41916,3235,3.8,DC,-,-,-,SEER60,INV,3500,Twin Cylinder
GMCC,ATF400D48UMV,R410A,-,39.8,41602,3370,3.62,DC,-,-,-,SEER60,INV,3500,Twin Cylinder
GMCC,ATF420D64UMT,R410A,-,41.5,43930,3480,3.7,DC,-,-,-,SEER60,INV,3500,Twin Cylinder
GMCC,ATQ360D1UMU,R410A,-,36.2,38214,3040,3.68,DC,-,-,-,SEER60,INV,3500,Twin Cylinder
GMCC,ATQ420D1UMU,R410A,-,41.5,44220,3485,3.72,DC,-,-,-,SEER60,INV,3500,Twin Cylinder
GMCC,ATQ420D2UMU,R410A,-,41.5,44220,3430,3.78,DC,-,-,-,SEER60,INV,3500,Twin Cylinder
GMCC,ATQ420D1UNU1,R410A,-,41.9,44492,3435,3.8,DC,-,-,-,ASH,INV,2900,Twin Cylinder
GMCC,ATQ580D66UNT,R410A,-,58,63975,4910,3.82,DC,-,-,-,SEER60,INV,3500,Twin Cylinder
GMCC,ATQ650D**UNT,R410A,-,65,72164,5500,3.85,DC,-,-,-,SEER60,INV,3500,Twin Cylinder
GMCC,AVM115D6UFZ,R410A,-,11.5,11430,830,4.04,DC,-,-,-,SEER60,INV,3500,Variable Volume
GMCC,KTN150D35UFT4,R32,-,14.9,16105,1240,3.8,DC,-,-,-,SEER60,INV,3500,High speed
GMCC,ASN53N1UAJ3,R410A,-,5.3,5357,520,3.02,AC,208,230,60,ASH,Fixed,3500,
GMCC,ASN68N1UDZ,R410A,-,6.8,7029,676,3.05,AC,208,230,60,ASH,Fixed,3500,
GMCC,ASN82N1UDZ,R410A,-,8.2,8581,853,2.95,AC,208,230,60,ASH,Fixed,3500,
GMCC,ASN89N1UDZ,R410A,-,8.9,9315,895,3.05,AC,208,230,60,ASH,Fixed,3500,
GMCC,ASM103N11UFZ,R410A,-,10.3,10492,975,3.15,AC,208,230,60,ASH,Fixed,3500,
GMCC,ASM106N1UFT,R410A,-,10.6,10918,1015,3.15,AC,208,230,60,ASH,Fixed,3500,
GMCC,ASM113N1UFZ,R410A,-,11.3,11533,1073,3.15,AC,208,230,60,ASH,Fixed,3500,
GMCC,ASM130N1UDZ,R410A,-,13,13204,1270,3.05,AC,208,230,60,ASH,Fixed,3500,
GMCC,ASM135N1UEZ,R410A,-,13.3,13853,1290,3.15,AC,208,230,60,ASH,Fixed,3500,
GMCC,ASM140N1UFT,R410A,-,13.9,14245,1355,3.08,AC,208,230,60,ASH,Fixed,3500,
GMCC,PA140M2A-3ET,R410A,-,13.9,14177,1375,3.02,AC,208,230,60,ASH,Fixed,3500,
GMCC,PA150M2AS-3KU,R410A,-,15,15354,1450,3.1,AC,208,230,60,ASH,Fixed,3500,
GMCC,PA170M2A-3FT1,R410A,-,17.1,17589,1662,3.1,AC,208,230,60,ASH,Fixed,3500,
GMCC,PA225M2A-3MTU1,R410A,-,22.4,22912,2240,3,AC,208,230,60,ASH,Fixed,3500,
GMCC,PA240M2A-3MTU2,R410A,-,24,24635,2475,2.92,AC,208,230,60,ASH,Fixed,3500,
GMCC,ASF155N1UKT,R410A,-,15.6,15917,1465,3.18,AC,208,230,60,ASH,Fixed,3500,
GMCC,ASF160N1UEP,R410A,-,16.1,16292,1510,3.16,AC,208,230,60,ASH,Fixed,3500,
GMCC,ASF165N1UFTB,R410A,-,16.5,17043,1570,3.18,AC,208,230,60,ASH,Fixed,3500,
GMCC,ASF200N1UKP,R410A,-,19.9,20387,1880,3.18,AC,208,230,60,ASH,Fixed,3500,
GMCC,ASG170N1UMT,R410A,-,17,17981,1620,3.25,AC,208,230,60,ASH,Fixed,3500,
GMCC,ASG180N1UMT,R410A,-,18,19039,1715,3.25,AC,208,230,60,ASH,Fixed,3500,
GMCC,ASG190N1UMT,R410A,-,19,20097,1810,3.25,AC,208,230,60,ASH,Fixed,3500,
GMCC,ASG200N1UMT,R410A,-,20,21154,1905,3.25,AC,208,230,60,ASH,Fixed,3500,
GMCC,ASG210N1UMT,R410A,-,21,22246,2005,3.25,AC,208,230,60,ASH,Fixed,3500,
GMCC,ASG220N1UMT,R410A,-,22,23304,2100,3.25,AC,208,230,60,ASH,Fixed,3500,
GMCC,ASG240N1UMT,R410A,-,23.8,25078,2260,3.25,AC,208,230,60,ASH,Fixed,3500,
GMCC,ASG290N1UMT,R410A,-,28.9,30367,2825,3.15,AC,208,230,60,ASH,Fixed,3500,
GMCC,ASG300N1UMT,R410A,-,30,31510,2935,3.15,AC,208,230,60,ASH,Fixed,3500,
GMCC,ATG330N1UMU,R410A,-,32.7,34393,3365,3,AC,208,230,60,ASH,Fixed,3500,
GMCC,ASQ330N1UMU,R410A,-,33.1,33949,3230,3.08,AC,208,230,60,ASH,Fixed,3500,
GMCC,ASN58N11VDZ1,R410A,-,5.8,6705,510,3.85,AC,208,230,60,GX,Fixed,3500,
GMCC,ASN68N2VDZB1,R410A,-,6.8,7916,568,4.08,AC,208,230,60,GX,Fixed,3500,
GMCC,ASN76N1VDZ1,R410A,-,7.6,8871,650,4,AC,208,230,60,GX,Fixed,3500,
GMCC,ASN82N2VDZ1,R410A,-,8.2,9605,690,4.08,AC,208,230,60,GX,Fixed,3500,
GMCC,ASN84N1VBZB1,R410A,-,8.3,9775,695,4.12,AC,208,230,60,GX,Fixed,3500,
GMCC,ASM103N11VEZ,R410A,-,10.3,12164,838,4.25,AC,208,230,60,GX,Fixed,3500,
GMCC,ASM106N1VEZ,R410A,-,10.6,12556,860,4.28,AC,208,230,60,GX,Fixed,3500,
GMCC,ASM120N1VDZ,R410A,-,12,14194,990,4.2,AC,208,230,60,GX,Fixed,3500,
GMCC,PA155M2A-3ETL1,R410A,-,15.7,18408,1250,4.32,AC,208,230,60,GX,Fixed,3500,
GMCC,PA160M2A-3ETL,R410A,-,16,19210,1325,4.25,AC,208,230,60,GX,Fixed,3500,
GMCC,PA165M2A-3ETL,R410A,-,16.5,19653,1355,4.25,AC,208,230,60,GX,Fixed,3500,
GMCC,ASF155N1VET,R410A,-,15.6,18527,1240,4.38,AC,208,230,60,GX,Fixed,3500,
GMCC,ASG195N1VKP,R410A,-,19.5,23645,1575,4.4,AC,208,230,60,GX,Fixed,3500,
GMCC,ASG235N1VMT,R410A,-,23.5,28490,1920,4.35,AC,208,230,60,GX,Fixed,3500,
GMCC,ASM125S1VFT,R410A,-,12.5,12181,840,4.25,AC,230,230,50,GX,Fixed,2900,
GMCC,ASM127S1VFT,R410A,-,12.7,12556,860,4.28,AC,230,230,50,GX,Fixed,2900,
GMCC,ASM130S1VDZ,R410A,-,13,12761,880,4.25,AC,230,230,50,GX,Fixed,2900,
GMCC,PA180M2AS-7KUL,R410A,-,17.8,17794,1235,4.22,AC,230,230,50,GX,Fixed,2900,
GMCC,PA185M2AS-7KUL,R410A,-,18.5,18493,1285,4.22,AC,230,230,50,GX,Fixed,2900,
GMCC,PA190M2AS-7KUL,R410A,-,18.9,18681,1310,4.18,AC,230,230,50,GX,Fixed,2900,
GMCC,PA200M2A-7FUL,R410A,-,20,19414,1380,4.12,AC,230,230,50,GX,Fixed,2900,
GMCC,PA215M2AS-7KTL,R410A,-,21.6,21308,1515,4.12,AC,230,230,50,GX,Fixed,2900,
GMCC,ASF190S1VKT,R410A,-,19,19141,1290,4.35,AC,230,230,50,GX,Fixed,2900,
GMCC,PA186G2C-7KUL,R410A,-,18.6,18322,1280,4.2,AC,230,230,50,GX,Fixed,2900,
GMCC,PA196G2C-7KNL,R410A,-,19.6,19363,1305,4.35,AC,230,230,50,GX,Fixed,2900,
GMCC,PA221G2C-7MUL,R410A,-,21.9,21905,1465,4.38,AC,230,230,50,GX,Fixed,2900,
GMCC,ASG185S1VMU,R410A,-,18.5,19210,1295,4.35,AC,230,230,50,GX,Fixed,2900,
GMCC,ASG190S1VFT,R410A,-,19.1,18766,1255,4.38,AC,230,230,50,GX,Fixed,2900,
GMCC,ASG195S1VKU,R410A,-,19.5,18766,1285,4.38,AC,230,230,50,GX,Fixed,2900,
GMCC,ASG220S1VMU,R410A,-,22,22195,1480,4.4,AC,230,230,50,GX,Fixed,2900,
GMCC,ASG230S1VMU,R410A,-,22.9,23082,1530,4.42,AC,230,230,50,GX,Fixed,2900,
GMCC,ASN46V1VAZ1,R410A,-,4.6,4265,320,3.9,AC,220,240,50,GX,Fixed,2900,
GMCC,ASN58V1VZZ1,R410A,-,5.8,5545,411,3.95,AC,220,240,50,GX,Fixed,2900,
GMCC,ASM89V1VFZ,R410A,-,8.9,8479,592,4.2,AC,220,240,50,GX,Fixed,2900,
GMCC,ASM93V11VDZ,R410A,-,9.3,8769,615,4.18,AC,220,240,50,GX,Fixed,2900,
GMCC,ASM99V1VFZ,R410A,-,9.8,9485,650,4.28,AC,220,240,50,GX,Fixed,2900,
GMCC,ASM103V11VDZ,R410A,-,10.3,9895,675,4.3,AC,220,240,50,GX,Fixed,2900,
GMCC,ASM113V1VDZ,R410A,-,11.3,10970,745,4.32,AC,220,240,50,GX,Fixed,2900,
GMCC,ASM120V1VFT,R410A,-,12,11754,805,4.28,AC,220,240,50,GX,Fixed,2900,
GMCC,ASM125V1VFT,R410A,-,12.5,12317,845,4.27,AC,220,240,50,GX,Fixed,2900,
GMCC,ASM130V1VDZ,R410A,-,13,12829,885,4.25,AC,220,240,50,GX,Fixed,2900,
GMCC,ASM135V1VFT,R410A,-,13.3,13204,900,4.3,AC,220,240,50,GX,Fixed,2900,
GMCC,ASM140V1VFT,R410A,-,13.9,13853,945,4.3,AC,220,240,50,GX,Fixed,2900,
GMCC,PA150M2A-4FTL,R410A,-,15,14672,1025,4.2,AC,220,240,50,GX,Fixed,2900,
GMCC,PA190M2AS-4KUL1,R410A,-,18.9,18630,1270,4.3,AC,220,240,50,GX,Fixed,2900,
GMCC,PA190M2A-4EUL1,R410A,-,18.9,18698,1290,4.25,AC,220,240,50,GX,Fixed,2900,
GMCC,PA200M2A-4EUL,R410A,-,19.9,19653,1405,4.1,AC,220,240,50,GX,Fixed,2900,
GMCC,PA205M2AS-4MUL,R410A,-,20.4,20353,1420,4.2,AC,220,240,50,GX,Fixed,2900,
GMCC,PA196G2C-4MUL,R410A,-,19.6,19329,1335,4.24,AC,220,240,50,GX,Fixed,2900,
GMCC,PA206G2C-4KUL,R410A,-,20.8,20438,1410,4.25,AC,220,240,50,GX,Fixed,2900,
GMCC,PA216G2C-4FTL,R410A,-,21.6,21035,1440,4.28,AC,220,240,50,GX,Fixed,2900,
GMCC,PA231G2C-4MUL,R410A,-,23.1,23065,1565,4.32,AC,220,240,50,GX,Fixed,2900,
GMCC,PA250G2CS-4MUL,R410A,-,25.1,24959,1695,4.32,AC,220,240,50,GX,Fixed,2900,
GMCC,PA270G2CS-4MUL1,R410A,-,27,26767,1805,4.35,AC,220,240,50,GX,Fixed,2900,
GMCC,PA280G2CS-4MUL,R410A,-,27.9,27859,1898,4.3,AC,220,240,50,GX,Fixed,2900,
GMCC,PA290G2CS-4MUL,R410A,-,28.7,28951,1975,4.3,AC,220,240,50,GX,Fixed,2900,
GMCC,ASG195V1VMU,R410A,-,19.6,19448,1310,4.35,AC,220,240,50,GX,Fixed,2900,
GMCC,ASG200V1VKU,R410A,-,20,19960,1345,4.35,AC,220,240,50,GX,Fixed,2900,
GMCC,ASG240V2VMU,R410A,-,23.8,23696,1595,4.35,AC,220,240,50,GX,Fixed,2900,
GMCC,ASG289V1VMU,R410A,-,28.9,28934,1950,4.35,AC,220,240,50,GX,Fixed,2900,
GMCC,ATG275V1VMP,R410A,-,27.4,27177,1895,4.2,AC,220,240,50,GX,Fixed,2900,
GMCC,ASQ330V1VMU,R410A,-,33,32363,2195,4.32,AC,220,240,50,GX,Fixed,2900,
GMCC,ASK40V11UAZ,R410A,-,4,3173,365,2.55,AC,220,240,50,ASH,Fixed,2900,
GMCC,ASN68V1UZZ1,R410A,-,6.8,5783,585,2.9,AC,220,240,50,ASH,Fixed,2900,
GMCC,ASN71V1UDD1,R410A,-,7.1,5920,582,2.98,AC,220,240,50,ASH,Fixed,2900,
GMCC,ASN76V1UDZ1,R410A,-,7.6,6449,630,3,AC,220,240,50,ASH,Fixed,2900,
GMCC,ASN82V1UDZ,R410A,-,8.2,6943,690,2.95,AC,220,240,50,ASH,Fixed,2900,
GMCC,ASN86V1UDZ,R410A,-,8.6,7302,725,2.95,AC,220,240,50,ASH,Fixed,2900,
GMCC,ASM99V2UDZ,R410A,-,9.8,8172,788,3.04,AC,220,240,50,ASH,Fixed,2900,
GMCC,PA170M2C-4ET2,R410A,-,17.1,14296,1385,3.03,AC,220,240,50,ASH,Fixed,2900,
GMCC,PA185M2C-4FT2,R410A,-,18.5,15337,1500,3,AC,220,240,50,ASH,Fixed,2900,
GMCC,PA200M2A-4ET2,R410A,-,20,17060,1695,2.95,AC,220,240,50,ASH,Fixed,2900,
GMCC,PA215M2AS-4KU,R410A,-,21.5,18271,1845,2.9,AC,220,240,50,ASH,Fixed,2900,
GMCC,PA225M2CS-4KU2,R410A,-,22.4,18766,1835,3,AC,220,240,50,ASH,Fixed,2900,
GMCC,PA240M2CS-4KU1,R410A,-,23.9,19926,1980,2.95,AC,220,240,50,ASH,Fixed,2900,
GMCC,ASF205V1UEUB,R410A,-,20.5,17606,1655,3.12,AC,220,240,50,ASH,Fixed,2900,
GMCC,PA260G2C-4FU,R410A,-,26,22178,2130,3.05,AC,220,240,50,ASH,Fixed,2900,
GMCC,PA270G2CS-4MU1,R410A,-,27,23287,2235,3.05,AC,220,240,50,ASH,Fixed,2900,
GMCC,PA290G2CS-4MU1,R410A,-,28.7,24891,2410,3.03,AC,220,240,50,ASH,Fixed,2900,
GMCC,ASG260V1VMU,R410A,-,26,22349,2100,3.12,AC,220,240,50,ASH,Fixed,2900,
GMCC,ASG290V1VMU,R410A,-,28.9,25078,2355,3.12,AC,220,240,50,ASH,Fixed,2900,
GMCC,ATG330V1UMP,R410A,-,32.7,28081,2815,2.92,AC,220,240,50,ASH,Fixed,2900,
GMCC,ATQ375V1UMU,R410A,-,37.7,32806,3255,3.05,AC,220,240,50,ASH,Fixed,2900,
GMCC,ATQ390V1UMT,R410A,-,38.9,33523,3190,3.08,AC,220,240,50,ASH,Fixed,2900,
GMCC,ASQ280Y1UMP,R410A,-,28,23645,2200,3.15,AC,380,380,50,ASH,Fixed,2900,
GMCC,ASQ330Y1UMP,R410A,-,33,27944,2645,3.1,AC,380,380,50,ASH,Fixed,2900,
GMCC,ATQ375Y1UMU,R410A,-,37.7,32141,3055,3.08,AC,380,380,50,ASH,Fixed,2900,
GMCC,ATQ480Y1UNT,R410A,-,48,41626,4225,3.1,AC,380,380,50,ASH,Fixed,2900,
GMCC,ATW480Y1UNM,R410A,-,48.1,41524,4025,3.02,AC,380,380,50,ASH,Fixed,2900,
GMCC,ATW510Y1UNYA,R410A,-,51,44492,4260,3.06,AC,380,380,50,ASH,Fixed,2900,
GMCC,ATW550Y1UNYA,R410A,-,55,48689,4620,3.08,AC,380,380,50,ASH,Fixed,2900,
GMCC,ATW590Y1UNK,R410A,-,59,52084,5090,3,AC,380,380,50,ASH,Fixed,2900,
GMCC,ATW630Y1UNM*,R410A,-,63.4,56179,5340,3.08,AC,380,380,50,ASH,Fixed,2900,
GMCC,ASK44E1VAJ,R410A,-,4.4,5050,378,3.92,AC,115,115,60,GX,Fixed,3500,
GMCC,ASK53E1VAZ,R410A,-,5.3,6227,465,3.92,AC,115,115,60,GX,Fixed,3500,
GMCC,ASN45E2VAJ3,R410A,-,4.5,5152,360,4.2,AC,115,115,60,GX,Fixed,3500,
GMCC,ASN52E2VAZ3,R410A,-,5.2,5954,420,4.15,AC,115,115,60,GX,Fixed,3500,
GMCC,ASN68E2VAZB1,R410A,-,6.8,7813,555,4.12,AC,115,115,60,GX,Fixed,3500,
GMCC,ASN71E1VBZ,R410A,-,7.1,8342,596,4.1,AC,115,115,60,GX,Fixed,3500,
GMCC,ASN76E11VDDA1,R410A,-,7.6,8718,635,4.02,AC,115,115,60,GX,Fixed,3500,
GMCC,ASN81E1VBZB1,R410A,-,8,9281,660,4.12,AC,115,115,60,GX,Fixed,3500,
GMCC,ASN83E1VBZ1,R410A,-,8.3,9707,690,4.12,AC,115,115,60,GX,Fixed,3500,
GMCC,ASN86E1VBZ,R410A,-,8.6,10202,730,4.1,AC,115,115,60,GX,Fixed,3500,
GMCC,ASN86E11UZDS1,R410A,-,8.6,8939,880,2.98,AC,115,115,60,GX,Fixed,3500,
GMCC,ASM100E11VEZ,R410A,-,9.9,11686,800,4.28,AC,115,115,60,GX,Fixed,3500,
GMCC,ASM103E12VEZ,R410A,-,10.3,12027,835,4.22,AC,115,115,60,GX,Fixed,3500,
GMCC,ASM106E2VEZ,R410A,-,10.6,12624,865,4.28,AC,115,115,60,GX,Fixed,3500,
GMCC,ASM113E1UDZ,R410A,-,11.3,11396,1095,3.05,AC,115,115,60,GX,Fixed,3500,
GMCC,ASM113E3UFZK,R410A,-,11.3,11771,1105,3.12,AC,115,115,60,GX,Fixed,3500,
GMCC,ASM113E3UBZK,R410A,-,11.3,11652,1100,3.1,AC,115,115,60,GX,Fixed,3500,
GMCC,ASM127E1VET,R410A,-,12.7,15303,1048,4.28,AC,115,115,60,GX,Fixed,3500,
GMCC,ASM130E1VET,R410A,-,13,15473,1075,4.22,AC,115,115,60,GX,Fixed,3500,
GMCC,ASN86F1VBZ1 ,R410A,-,8.6,10185,762,3.92,AC,127,127,60,GX,Fixed,3500,
GMCC,ASM113F1UDRC,R410A,-,11.3,11669,1120,3.05,AC,127,127,60,ASH,Fixed,3500,
GMCC,HSM130N12UEZ,R22,-,13,9383,846,3.25,AC,208,230,60,ASH,Fixed,3500,
GMCC,HSM165N11UEZ,R22,-,16.5,11942,1060,3.3,AC,208,230,60,ASH,Fixed,3500,
GMCC,HSM170N2UFZ,R22,-,16.9,12078,1115,3.17,AC,208,230,60,ASH,Fixed,3500,
GMCC,PH210M2A-3FT,R22,-,20.9,15729,1365,3.38,AC,208,230,60,ASH,Fixed,3500,
GMCC,PH250M2A-3FTU2,R22,-,24.8,18032,1625,3.25,AC,208,230,60,ASH,Fixed,3500,
GMCC,PH260M2AS-3KUU1,R22,-,26.1,19193,1815,3.1,AC,208,230,60,ASH,Fixed,3500,
GMCC,HSG290N1UKU,R22,-,29,21461,1825,3.45,AC,208,230,60,ASH,Fixed,3500,
GMCC,HSG300N1UKU,R22,-,29.8,22059,1875,3.45,AC,208,230,60,ASH,Fixed,3500,
GMCC,HSG310N1UKU,R22,-,30.9,23133,1965,3.45,AC,208,230,60,ASH,Fixed,3500,
GMCC,HSG330N1UMU,R22,-,33.1,24771,2105,3.45,AC,208,230,60,ASH,Fixed,3500,
GMCC,HSG340N1UMU,R22,-,34.1,25419,2160,3.45,AC,208,230,60,ASH,Fixed,3500,
GMCC,HSG360N1UKU,R22,-,35.9,26579,2280,3.42,AC,208,230,60,ASH,Fixed,3500,
GMCC,HSG370N1UMU,R22,-,37,27637,2370,3.42,AC,208,230,60,ASH,Fixed,3500,
GMCC,HSN102N1VDZ,R22,-,10.2,8240,575,4.2,AC,208,230,60,GX,Fixed,3500,
GMCC,HSM145N2VDT,R22,-,14.6,11874,830,4.19,AC,208,230,60,GX,Fixed,3500,
GMCC,HSN82V11UDZ1,R22,-,8.2,4913,488,2.95,AC,220,240,50,ASH,Fixed,2900,
GMCC,HSM135V1UDZ,R22,-,13.3,7967,708,3.3,AC,220,240,50,ASH,Fixed,2900,
GMCC,HSM145V1UFZ,R22,-,14.6,8762,783,3.28,AC,220,240,50,ASH,Fixed,2900,
GMCC,HSM150V5UFZ,R22,-,15.1,9008,800,3.3,AC,220,240,50,ASH,Fixed,2900,
GMCC,HSM155V1UFZ,R22,-,15.3,9093,815,3.27,AC,220,240,50,ASH,Fixed,2900,
GMCC,HSM160V5UFZ,R22,-,15.8,9400,840,3.28,AC,220,240,50,ASH,Fixed,2900,
GMCC,HSM160V6UFZ,R22,-,15.8,9445,835,3.32,AC,220,240,50,ASH,Fixed,2900,
GMCC,HSM165V1UFZ,R22,-,16.4,9707,870,3.27,AC,220,240,50,ASH,Fixed,2900,
GMCC,HSM165V3UDZA,R22,-,16.4,9741,915,3.12,AC,220,240,50,ASH,Fixed,2900,
GMCC,HSM170V1UFZ,R22,-,16.9,9963,885,3.3,AC,220,240,50,ASH,Fixed,2900,
GMCC,HSM190V1UFT,R22,-,19.2,11396,1010,3.31,AC,220,240,50,ASH,Fixed,2900,
GMCC,HSM195V1UFT,R22,-,19.7,11601,1045,3.25,AC,220,240,50,ASH,Fixed,2900,
GMCC,HSM200V1UFT,R22,-,20.1,11874,1070,3.25,AC,220,240,50,ASH,Fixed,2900,
GMCC,HSM200V3UDZ,R22,-,20.1,11840,1145,3.03,AC,220,240,50,ASH,Fixed,2900,
GMCC,HSM205V1UFT,R22,-,20.5,11976,1090,3.22,AC,220,240,50,ASH,Fixed,2900,
GMCC,HSM210V1UFT,R22,-,20.9,12300,1110,3.25,AC,220,240,50,ASH,Fixed,2900,
GMCC,HSM215V3UFT,R22,-,21.4,12659,1195,3.1,AC,220,240,50,ASH,Fixed,2900,
GMCC,HSM215V3UDZA,R22,-,21.4,12617,1215,3.05,AC,220,240,50,ASH,Fixed,2900,
GMCC,HSM215V4UFTA,R22,-,21.4,12624,1140,3.25,AC,220,240,50,ASH,Fixed,2900,
GMCC,HSM220V3UFT,R22,-,22.3,13239,1220,3.18,AC,220,240,50,ASH,Fixed,2900,
GMCC,PH225M2A-4FT,R22,-,22.4,13358,1265,3.09,AC,220,240,50,ASH,Fixed,2900,
GMCC,PH250M2C-4FT1,R22,-,25,14706,1370,3.15,AC,220,240,50,ASH,Fixed,2900,
GMCC,PH270M2CS-4KU2,R22,-,27,16190,1490,3.18,AC,220,240,50,ASH,Fixed,2900,
GMCC,PH280M2CS-4KU,R22,-,28.1,16804,1515,3.25,AC,220,240,50,ASH,Fixed,2900,
GMCC,PH290M2A-4FT1,R22,-,28.8,17367,1650,3.08,AC,220,240,50,ASH,Fixed,2900,
GMCC,PH310M2AS-4KTH,R22,-,31,18988,1750,3.18,AC,220,240,50,ASH,Fixed,2900,
GMCC,PH420G2CS-4KU1,R22,-,42.3,25317,2390,3.1,AC,220,240,50,ASH,Fixed,2900,
GMCC,PH440G2CS-4MU,R22,-,43.5,26648,2390,3.27,AC,220,240,50,ASH,Fixed,2900,
GMCC,HSF300V1VKU,R22,-,30,20672,1824,3.32,AC,220,240,50,ASH,Fixed,2900,
GMCC,HSF320V1UKU,R22,-,31.9,19380,1710,3.32,AC,220,240,50,ASH,Fixed,2900,
GMCC,HSG300V1UKU,R22,-,30.9,18254,1595,3.35,AC,220,240,50,ASH,Fixed,2900,
GMCC,HSG340V1UKU,R22,-,34.1,20745,1790,3.4,AC,220,240,50,ASH,Fixed,2900,
GMCC,HSG370V1UMU,R22,-,37,22690,1955,3.4,AC,220,240,50,ASH,Fixed,2900,
GMCC,HSQ440V1TMV,R22,-,43.6,26835,2460,3.2,AC,220,240,50,ASH,Fixed,2900,
GMCC,HTG340V1UMU,R22,-,34.1,20540,1870,3.22,AC,220,240,50,ASH,Fixed,2900,
GMCC,YH460X3CS-4MUC1,R22,-,45.9,27296,2580,3.1,AC,380,380,50,ASH,Fixed,2900,
GMCC,YH480X3CS-4MUC1,R22,-,47.9,28490,2690,3.1,AC,380,380,50,ASH,Fixed,2900,
GMCC,HTQ440Y1UMP,R22,-,43.8,26341,2410,3.2,AC,380,380,50,ASH,Fixed,2900,
GMCC,HTW715Y2UNY,R22,-,71.5,45721,4060,3.3,AC,380,380,50,ASH,Fixed,2900,
GMCC,HTW770Y2UNY,R22,-,77,49474,4300,3.37,AC,380,380,50,ASH,Fixed,2900,
GMCC,HTW835Y2UNY,R22,-,83.5,53330,4790,3.26,AC,380,380,50,ASH,Fixed,2900,
GMCC,HSM170V15VFZ,R22,-,16.9,11072,738,4.4,AC,220,220,50,GX,Fixed,2900,
GMCC,HSM170V15VDP,R22,-,16.9,11304,750,4.42,AC,220,220,50,GX,Fixed,2900,
GMCC,HSM215V1VFT,R22,-,21.4,14185,935,4.45,AC,220,220,50,GX,Fixed,2900,
GMCC,HSM220V1VFT,R22,-,22.3,14885,980,4.45,AC,220,220,50,GX,Fixed,2900,
GMCC,PH190M2A-4FTL1,R22,-,18.9,12829,845,4.45,AC,220,220,50,GX,Fixed,2900,
GMCC,PH200M2A-4FTL1,R22,-,19.9,13512,890,4.45,AC,220,220,50,GX,Fixed,2900,
GMCC,PH210M2A-4FTL1,R22,-,20.9,14279,935,4.48,AC,220,220,50,GX,Fixed,2900,
GMCC,HSF215V1VKT,R22,-,21.7,14877,947,4.6,AC,220,220,50,GX,Fixed,2900,
GMCC,HSG300V1VKU,R22,-,30,20608,1300,4.65,AC,220,220,50,GX,Fixed,2900,
GMCC,HSG310V1VKU,R22,-,30.9,21257,1340,4.65,AC,220,220,50,GX,Fixed,2900,
GMCC,PH290G2C-4KUL1,R22,-,28.7,19653,1280,4.5,AC,220,220,50,GX,Fixed,2900,
GMCC,PH300G2C-4KUL1,R22,-,29.7,20370,1320,4.52,AC,220,220,50,GX,Fixed,2900,
GMCC,PH310G2C-4KUL,R22,-,30.8,20933,1370,4.48,AC,220,220,50,GX,Fixed,2900,
GMCC,PH400G2CS-4MUL,R22,-,39.8,27620,1800,4.5,AC,220,220,50,GX,Fixed,2900,
GMCC,PH420M3CS-4MUL,R22,-,42,29002,1925,4.42,AC,220,220,50,GX,Fixed,2900,
GMCC,PH430M3CS-4MUL1,R22,-,42.6,29531,1985,4.36,AC,220,220,50,GX,Fixed,2900,
GMCC,PH450M3CS-4MUL1,R22,-,45.1,31186,2100,4.35,AC,220,220,50,GX,Fixed,2900,
GMCC,HSQ440V1VMU,R22,-,43.6,30435,1960,4.55,AC,220,220,50,GX,Fixed,2900,
GMCC,HSQ450V1VMU,R22,-,43.6,30759,2050,4.4,AC,220,220,50,GX,Fixed,2900,
GMCC,HSM190S1VFT,R22,-,19.2,12744,853,4.38,AC,230,230,50,GX,Fixed,2900,
GMCC,HSM195S1VFT,R22,-,19.7,13000,870,4.38,AC,230,230,50,GX,Fixed,2900,
GMCC,HSM200S1VFT,R22,-,20.1,13290,895,4.35,AC,230,230,50,GX,Fixed,2900,
GMCC,PH190M2A-7FTL,R22,-,18.9,12897,855,4.42,AC,230,230,50,GX,Fixed,2900,
GMCC,HSF280S1VKPA,R22,-,28.1,19073,1205,4.64,AC,230,230,50,GX,Fixed,2900,
GMCC,HSF285S2VFP,R22,-,28.6,19414,1250,4.55,AC,230,230,50,GX,Fixed,2900,
GMCC,HSF290S1VKPA,R22,-,29,19755,1245,4.65,AC,230,230,50,GX,Fixed,2900,
GMCC,HSG265S1VKT,R22,-,26.4,18288,1165,4.6,AC,230,230,50,GX,Fixed,2900,
GMCC,HSG275S1VKT,R22,-,27.5,19056,1200,4.65,AC,230,230,50,GX,Fixed,2900,
GMCC,HSG280S1VKT,R22,-,28.5,19431,1225,4.65,AC,230,230,50,GX,Fixed,2900,
GMCC,HSG290S1VKU,R22,-,29,20148,1270,4.65,AC,230,230,50,GX,Fixed,2900,
GMCC,HSG340S1VMU,R22,-,34,23594,1510,4.58,AC,230,230,50,GX,Fixed,2900,
GMCC,PH300G2C-7KUL,R22,-,29.8,20404,1300,4.6,AC,230,230,50,GX,Fixed,2900,
GMCC,PH360G2C-7MUL,R22,-,36,24754,1585,4.58,AC,230,230,50,GX,Fixed,2900,
GMCC,HSM185S2UFT ,R22,-,18.7,11072,1055,3.08,AC,230,230,50,ASH,Fixed,2900,
GMCC,HSM205S1UFT ,R22,-,20.5,12078,1105,3.2,AC,230,230,50,ASH,Fixed,2900,
GMCC,PH360G2C-7MU ,R22,-,36,21922,1935,3.32,AC,230,230,50,ASH,Fixed,2900,
GMCC,HSG370S1UMU ,R22,-,37,22707,1960,3.4,AC,230,230,50,ASH,Fixed,2900,
GMCC,PH210M2A-4FTSH,R22,-,20.9,12914,1215,3.12,AC,220,220,50,ASH,Fixed,2900,Wide Voltage
GMCC,PH215M2A-4FTSH,R22,-,21.4,13256,1245,3.12,AC,220,220,50,ASH,Fixed,2900,Wide Voltage
GMCC,PH290G2C-4FTSH,R22,-,28.7,17640,1655,3.12,AC,220,220,50,ASH,Fixed,2900,Wide Voltage
GMCC,PH200M2A-4FTS1,R22,T3,19.9,12130,1095,3.25,AC,220,240,50,ASH,Fixed,2900,
GMCC,PH310M2AS-4KTS1,R22,T3,31,19175,1755,3.2,AC,220,240,50,ASH,Fixed,2900,
GMCC,HSF210V1SFT,R22,T3,20.9,12556,1115,3.3,AC,220,240,50,ASH,Fixed,2900,
GMCC,HSG290V1TKT,R22,T3,29,17742,1520,3.42,AC,220,240,50,ASH,Fixed,2900,
GMCC,HSG310V1TKT,R22,T3,30.9,18902,1630,3.4,AC,220,240,50,ASH,Fixed,2900,
GMCC,HSG330V1TKT,R22,T3,33.1,20250,1735,3.42,AC,220,240,50,ASH,Fixed,2900,
GMCC,HSG340V1TKT,R22,T3,34.1,20864,1800,3.4,AC,220,240,50,ASH,Fixed,2900,
GMCC,HSG360V1TFT,R22,T3,35.9,21956,1905,3.38,AC,220,240,50,ASH,Fixed,2900,
GMCC,PH400G2CS-4KTS1,R22,T3,39.8,24157,2250,3.15,AC,220,240,50,ASH,Fixed,2900,
GMCC,PH420G2CS-4KTS1,R22,T3,42.3,25726,2370,3.18,AC,220,240,50,ASH,Fixed,2900,
GMCC,PH440G2CS-4KTS1,R22,T3,43.5,26221,2500,3.07,AC,220,240,50,ASH,Fixed,2900,
GMCC,PH290G2C-7KTS ,R22,T3,28.7,17418,1525,3.35,AC,230,230,50,ASH,Fixed,2900,
GMCC,PH420G2CS-7KTS ,R22,T3,42.3,25675,2390,3.15,AC,230,230,50,ASH,Fixed,2900,
GMCC,PH185M2A-3FTS1 ,R22,T3,18.5,13819,1245,3.25,AC,230,230,60,ASH,Fixed,3500,
GMCC,PH240M2A-3FTS1 ,R22,T3,24,17947,1740,3.02,AC,230,230,60,ASH,Fixed,3500,
GMCC,PH260M2AS-3KTS2 ,R22,T3,26.1,19380,1765,3.22,AC,230,230,60,ASH,Fixed,3500,
GMCC,PH280M2AS-3KTS1 ,R22,T3,27.9,20762,2025,3,AC,230,230,60,ASH,Fixed,3500,
GMCC,PH260G2C-3KTS3 ,R22,T3,26.1,19414,1670,3.41,AC,230,230,60,ASH,Fixed,3500,
GMCC,HSG300N1TKT ,R22,T3,29.8,21871,1860,3.45,AC,230,230,60,ASH,Fixed,3500,
GMCC,HSG310N1TKT ,R22,T3,30.9,22673,1925,3.45,AC,230,230,60,ASH,Fixed,3500,
GMCC,HSG330N1TKT ,R22,T3,33.1,24293,2080,3.42,AC,230,230,60,ASH,Fixed,3500,
GMCC,HSG340N1TMT ,R22,T3,34,24942,2135,3.42,AC,230,230,60,ASH,Fixed,3500,
GMCC,ASM140V1SFT,R410A,T3,13.9,11942,1200,2.92,AC,220,240,50,ASH,Fixed,2900,
GMCC,ASF180V1SKT,R410A,T3,18,15473,1460,3.11,AC,220,240,50,ASH,Fixed,2900,
GMCC,ASF190V1SFVB,R410A,T3,19.1,16446,1585,3.04,AC,220,240,50,ASH,Fixed,2900,
GMCC,ASG180V1SKT,R410A,T3,18,15490,1455,3.12,AC,220,240,50,ASH,Fixed,2900,
GMCC,ASG185V1SKT,R410A,T3,18.6,15934,1470,3.18,AC,220,240,50,ASH,Fixed,2900,
GMCC,ASG205V1SKT,R410A,T3,20.5,17589,1620,3.18,AC,220,240,50,ASH,Fixed,2900,
GMCC,ASG235V1SKT,R410A,T3,23.5,20165,1875,3.15,AC,220,240,50,ASH,Fixed,2900,
GMCC,ASG250V1SKT,R410A,T3,25.1,21530,2005,3.15,AC,220,240,50,ASH,Fixed,2900,
GMCC,PA185G2CS-4KTM1,R410A,T3,18.6,15644,1525,3.01,AC,220,240,50,ASH,Fixed,2900,
GMCC,PA250G2CS-4KTM2,R410A,T3,25.1,21444,2060,3.05,AC,220,240,50,ASH,Fixed,2900,
GMCC,ASQ290V1SMP,R410A,T3,29,24788,2305,3.15,AC,220,240,50,ASH,Fixed,2900,
GMCC,ASQ310V1SMP,R410A,T3,30.9,26511,2490,3.12,AC,220,240,50,ASH,Fixed,2900,
GMCC,ATG310V1SMP,R410A,T3,30.7,26597,2600,3,AC,220,240,50,ASH,Fixed,2900,
GMCC,ATQ360V1SMP,R410A,T3,36.6,31561,3065,3.02,AC,220,240,50,ASH,Fixed,2900,
GMCC,ATQ420V1SMT,R410A,T3,41.9,35826,3525,2.98,AC,220,240,50,ASH,Fixed,2900,
GMCC,PA150M2A-7FTS1 ,R410A,T3,15,12778,1240,3.02,AC,230,230,50,ASH,Fixed,2900,
GMCC,PA180G2CS-7KTM ,R410A,T3,18,15388,1430,3.15,AC,230,230,50,ASH,Fixed,2900,
GMCC,PA250G2CS-7KUM ,R410A,T3,25.1,21564,2095,3.02,AC,230,230,50,ASH,Fixed,2900,
GMCC,ASG210S1SMU ,R410A,T3,21,18084,1655,3.2,AC,230,230,50,ASH,Fixed,2900,
GMCC,ASG240S1SMT ,R410A,T3,23.8,20643,1950,3.1,AC,230,230,50,ASH,Fixed,2900,
GMCC,ASG280S1SMU ,R410A,T3,28,24083,2205,3.2,AC,230,230,50,ASH,Fixed,2900,
GMCC,ASQ300S1SMT ,R410A,T3,30,25726,2415,3.12,AC,230,230,50,ASH,Fixed,2900,
GMCC,ASQ330S1SMT ,R410A,T3,33,28883,2840,2.98,AC,230,230,50,ASH,Fixed,2900,
GMCC,ASF150N1SKT,R410A,T3,14.9,15388,1420,3.18,AC,230,230,60,ASH,Fixed,3500,
GMCC,ASF155N1SKT,R410A,T3,15.5,15900,1465,3.18,AC,230,230,60,ASH,Fixed,3500,
GMCC,ASF160N1SETB,R410A,T3,16,16685,1540,3.18,AC,230,230,60,ASH,Fixed,3500,
GMCC,ASF165N1SETB,R410A,T3,16.5,17196,1585,3.18,AC,230,230,60,ASH,Fixed,3500,
GMCC,ASF170N1SETB,R410A,T3,17,17725,1635,3.18,AC,230,230,60,ASH,Fixed,3500,
GMCC,ASG180N1SKT,R410A,T3,18,18595,1715,3.18,AC,230,230,60,ASH,Fixed,3500,
GMCC,ASG185N1SKT,R410A,T3,18.6,19261,1775,3.18,AC,230,230,60,ASH,Fixed,3500,
GMCC,ASG190N1SKT,R410A,T3,19.1,19773,1820,3.18,AC,230,230,60,ASH,Fixed,3500,
GMCC,ASG195N1SKT,R410A,T3,19.6,20250,1865,3.18,AC,230,230,60,ASH,Fixed,3500,
GMCC,ASG200N1SKT,R410A,T3,20.2,20881,1925,3.18,AC,230,230,60,ASH,Fixed,3500,
GMCC,ASG205N1SKT,R410A,T3,20.5,21189,1955,3.18,AC,230,230,60,ASH,Fixed,3500,
GMCC,ASG210N1SKT,R410A,T3,21.1,21803,2010,3.18,AC,230,230,60,ASH,Fixed,3500,
GMCC,ASG215N1SKT,R410A,T3,21.4,22110,2040,3.18,AC,230,230,60,ASH,Fixed,3500,
GMCC,ASG235N1SKT,R410A,T3,23.5,24276,2260,3.15,AC,230,230,60,ASH,Fixed,3500,
GMCC,ASG240N1SMP,R410A,T3,23.8,24908,2270,3.15,AC,230,230,60,ASH,Fixed,3500,
GMCC,ASG250N1SMP,R410A,T3,25.1,25931,2415,3.15,AC,230,230,60,ASH,Fixed,3500,
GMCC,ATG330V1SMP,R410A,T3,32.7,28251,2815,2.94,AC,230,230,60,ASH,Fixed,3500,
GMCC,ATQ420Y1TMT ,R410A,T3,41.9,35724,3490,3,AC,380,380,50,ASH,Fixed,2900,
GMCC,ASN108D22TFZ ,R410A,T3,10.8,11157,850,3.85,DC,-,-,-,SEER60,INV,3500,Single Cylinder
GMCC,ASN140D35TFZ ,R410A,T3,14,14245,1085,3.85,DC,-,-,-,SEER60,INV,3500,Single Cylinder
GMCC,ATM180D67TMT ,R410A,T3,17.6,17828,1405,3.72,DC,-,-,-,SEER60,INV,3500,Twin Cylinder
GMCC,ATM240D67TMT ,R410A,T3,24,24652,1925,3.75,DC,-,-,-,SEER60,INV,3500,Twin Cylinder
GMCC,ATF235D22TMT ,R410A,T3,23.5,24345,1970,3.62,DC,-,-,-,SEER60,INV,3500,Twin Cylinder
GMCC,ATF250D43TMT ,R410A,T3,25,26051,2090,3.65,DC,-,-,-,SEER60,INV,3500,Twin Cylinder
GMCC,ATF310D43TMT ,R410A,T3,30.8,32380,2600,3.65,DC,-,-,-,SEER60,INV,3500,Twin Cylinder
GMCC,ATF400D64SMV ,R410A,T3,39.8,41916,3365,3.65,DC,-,-,-,SEER60,INV,3500,Twin Cylinder
GMCC,ATF400D66SMV ,R410A,T3,39.8,41916,3235,3.8,DC,-,-,-,SEER60,INV,3500,Twin Cylinder
GMCC,ATQ420D1TMU ,R410A,T3,41.5,44220,3485,3.72,DC,-,-,-,SEER60,INV,3500,Twin Cylinder
GMCC,ATQ420D1TNUA ,R410A,T3,41.9,44288,3460,3.75,DC,-,-,-,SEER60,INV,3500,Twin Cylinder
GMCC,ASK32E11VZDX,R410A,-,3.2,3514,290,3.55,AC,115,115,60,GX,Fixed,3500,Dehumidifier Compressor
GMCC,ASK43E11VZDX,R410A,-,4.3,4709,375,3.68,AC,115,115,60,GX,Fixed,3500,Dehumidifier Compressor
GMCC,ASK56E11VZDX,R410A,-,5.6,6363,488,3.82,AC,115,115,60,GX,Fixed,3500,Dehumidifier Compressor
GMCC,ASK68E11VZZX,R410A,-,6.8,7950,605,3.85,AC,115,115,60,GX,Fixed,3500,Dehumidifier Compressor
GMCC,ASN84E12VBDB1,R410A,-,8.3,9622,685,4.12,AC,115,115,60,GX,Fixed,3500,Dehumidifier Compressor
GMCC,ASN86E11VBD1,R410A,-,8.6,10134,725,4.1,AC,115,115,60,GX,Fixed,3500,Dehumidifier Compressor
GMCC,ASK34E14UZDX ,R410A,-,3.4,3378,380,2.61,AC,115,115,60,ASH,Fixed,3500,Dehumidifier Compressor
GMCC,ASN71E11UZDX1 ,R410A,-,7.1,7302,708,3.02,AC,115,115,60,ASH,Fixed,3500,Dehumidifier Compressor
GMCC,ASN71E11UZDT1 ,R410A,-,7.1,7302,708,3.02,AC,115,115,60,ASH,Fixed,3500,Dehumidifier Compressor
GMCC,ASK32V11VZDX ,R410A,-,3.2,2815,258,3.2,AC,220,220,50,GX,Fixed,2900,Dehumidifier Compressor
GMCC,ASK40V13VZDX ,R410A,-,4,3719,319,3.42,AC,220,220,50,GX,Fixed,2900,Dehumidifier Compressor
GMCC,ASK46V13VZDX ,R410A,-,4.6,4340,359,3.54,AC,220,220,50,GX,Fixed,2900,Dehumidifier Compressor
GMCC,ASN76V13UZDX1 ,R410A,-,7.6,6517,655,2.92,AC,220,220,50,ASH,Fixed,2900,Dehumidifier Compressor
GMCC,ASN86V1UZDA1 ,R410A,-,8.6,7472,750,2.92,AC,220,220,50,ASH,Fixed,2900,Dehumidifier Compressor
GMCC,ASN89V1UZDA1 ,R410A,-,8.9,7745,778,2.92,AC,220,220,50,ASH,Fixed,2900,Dehumidifier Compressor
GMCC,ASK31N12UZZX,R410A,-,3.1,2934,355,2.42,AC,230,230,60,ASH,Fixed,3500,Dehumidifier Compressor
GMCC,ASK37N12UZZX,R410A,-,3.7,3566,405,2.58,AC,230,230,60,ASH,Fixed,3500,Dehumidifier Compressor
GMCC,ASK89D53UEDF ,R410A,-,8.9,9110,688,3.88,DC,-,-,-,SEER60,INV,3500,"Dehumidifier Compressor, Single Cylinder"
GMCC,JSK64V16UZH ,R134a,-,6.4,2508,288,2.55,AC,220,220,50,ASH,Fixed,2900,Dehumidifier Compressor
GMCC,JSK64V16UZH ,R134a,-,6.4,2508,288,2.55,AC,115,115,60,ASH,Fixed,3500,Dehumidifier Compressor
